Workbook

Sheet AYIRA MINI MART FINAL MENU - Pr
A1: Name | B1: Category | C1: Price | D1: Description | E1: Size | F1: Color | G1: Tag | H1: Brand | I1: Stock | J1: Availability | K1: Thumbnail | L1: Image1 | M1: Image2 | N1: Image2
A2: Mountain Dew 2.25L – ماونتن ديو 2.25 لتر | B2: Carbonated Soft Drinks – المشروبات الغازية | C2: 7.5 | D2: استمتع بـ ماونتن ديو، المشروب الغازي المنعش الذي يمنحك طاقة وحيوية في كل قطرة. يتميز بطعمه الرائع وتركيبته المميزة التي تجعله الخيار الأمثل لإرواء ظمأك في أي وقت. مثالي للحفلات والتجمعات العائلية والمناسبات المختلفة. يحتوي على نكهات متميزة تجعل كل رشفة تجربة لا تُنسى. احصل عليه الآن من أيرا ميني مارت بأفضل الأسعار وأعلى جودة. مشروبنا المميز يوفر لك الانتعاش الفوري ويلبي ذوقك الرفيع في كل لحظة تحتاج فيها إلى الترطيب. | J2: Show | K2: =IMAGE("https://cdn.store.link/products/ayiraminimart50505/qb3bg2-mountain%20dew%202.25%20l.png?versionId=_h55HFaLTDGEW0i5O0qGFO49KBQkdfzS")
A3: Pepsi 1.25L – بيبسي 1.25 لتر | B3: Carbonated Soft Drinks – المشروبات الغازية | C3: 4.5 | D3: استمتع بـ بيبسي، المشروب الغازي المنعش الذي يمنحك طاقة وحيوية في كل قطرة. يتميز بطعمه الرائع وتركيبته المميزة التي تجعله الخيار الأمثل لإرواء ظمأك في أي وقت. مثالي للحفلات والتجمعات العائلية والمناسبات المختلفة. يحتوي على نكهات متميزة تجعل كل رشفة تجربة لا تُنسى. احصل عليه الآن من أيرا ميني مارت بأفضل الأسعار وأعلى جودة. مشروبنا المميز يوفر لك الانتعاش الفوري ويلبي ذوقك الرفيع في كل لحظة تحتاج فيها إلى الترطيب. | J3: Show | K3: =IMAGE("https://cdn.store.link/products/ayiraminimart50505/ri64et-pepsi%201.25l.png?versionId=IwOw0VrxH9YWI05.XOKJTX_1pr40qp9A")
A4: Mountain Dew 1.25L – ماونتن ديو 1.25 لتر | B4: Carbonated Soft Drinks – المشروبات الغازية | C4: 4.5 | D4: استمتع بـ ماونتن ديو، المشروب الغازي المنعش الذي يمنحك طاقة وحيوية في كل قطرة. يتميز بطعمه الرائع وتركيبته المميزة التي تجعله الخيار الأمثل لإرواء ظمأك في أي وقت. مثالي للحفلات والتجمعات العائلية والمناسبات المختلفة. يحتوي على نكهات متميزة تجعل كل رشفة تجربة لا تُنسى. احصل عليه الآن من أيرا ميني مارت بأفضل الأسعار وأعلى جودة. مشروبنا المميز يوفر لك الانتعاش الفوري ويلبي ذوقك الرفيع في كل لحظة تحتاج فيها إلى الترطيب. | J4: Show | K4: =IMAGE("https://cdn.store.link/products/ayiraminimart50505/ywzsx7-mountain%20dew%201.25l.png?versionId=Bdv4AX2lHkgNWMqGNm0YVOnecfYpV1wq")
A5: Mountain Dew 330ml – ماونتن ديو 330 مل | B5: Carbonated Soft Drinks – المشروبات الغازية | C5: 2.5 | D5: استمتع بـ ماونتن ديو، المشروب الغازي المنعش الذي يمنحك طاقة وحيوية في كل قطرة. يتميز بطعمه الرائع وتركيبته المميزة التي تجعله الخيار الأمثل لإرواء ظمأك في أي وقت. مثالي للحفلات والتجمعات العائلية والمناسبات المختلفة. يحتوي على نكهات متميزة تجعل كل رشفة تجربة لا تُنسى. احصل عليه الآن من أيرا ميني مارت بأفضل الأسعار وأعلى جودة. مشروبنا المميز يوفر لك الانتعاش الفوري ويلبي ذوقك الرفيع في كل لحظة تحتاج فيها إلى الترطيب. | J5: Show | K5: =IMAGE("https://cdn.store.link/products/ayiraminimart50505/vk-4xp-mountain%20dew%20330%20ml.png?versionId=Nt5eIDm5bsvwUKxb81ZaEKTDV5HXVHxY")
A6: Shani Can 330ml – شاني – علبة 330 مل | B6: Carbonated Soft Drinks – المشروبات الغازية | C6: 2.5 | D6: استمتع بـ شاني، المشروب الغازي المنعش الذي يمنحك طاقة وحيوية في كل قطرة. يتميز بطعمه الرائع وتركيبته المميزة التي تجعله الخيار الأمثل لإرواء ظمأك في أي وقت. مثالي للحفلات والتجمعات العائلية والمناسبات المختلفة. يحتوي على نكهات متميزة تجعل كل رشفة تجربة لا تُنسى. احصل عليه الآن من أيرا ميني مارت بأفضل الأسعار وأعلى جودة. مشروبنا المميز يوفر لك الانتعاش الفوري ويلبي ذوقك الرفيع في كل لحظة تحتاج فيها إلى الترطيب. | J6: Show | K6: =IMAGE("https://cdn.store.link/products/ayiraminimart50505/qm36zv-shani%20fruit%20flavoured%20drink%20330%20ml.png?versionId=CNYiBdOUAINvEJ3IvXttsLNC39e9MwGw")
A7: 7Up 330ml – سفن أب 330 مل | B7: Carbonated Soft Drinks – المشروبات الغازية | C7: 2.5 | D7: استمتع بـ سفن أب، المشروب الغازي المنعش الذي يمنحك طاقة وحيوية في كل قطرة. يتميز بطعمه الرائع وتركيبته المميزة التي تجعله الخيار الأمثل لإرواء ظمأك في أي وقت. مثالي للحفلات والتجمعات العائلية والمناسبات المختلفة. يحتوي على نكهات متميزة تجعل كل رشفة تجربة لا تُنسى. احصل عليه الآن من أيرا ميني مارت بأفضل الأسعار وأعلى جودة. مشروبنا المميز يوفر لك الانتعاش الفوري ويلبي ذوقك الرفيع في كل لحظة تحتاج فيها إلى الترطيب. | J7: Show | K7: =IMAGE("https://cdn.store.link/products/ayiraminimart50505/rxr64e-refreshing%20lemon%20?versionId=vtzR9.iq85Qd_epQe4Hk2ExFcS0HkE7s")
A8: Mirinda Orange 1.25L – ميرندا برتقال 1.25 لتر | B8: Carbonated Soft Drinks – المشروبات الغازية | C8: 4.5 | D8: استمتع بـ ميرندا، المشروب الغازي المنعش الذي يمنحك طاقة وحيوية في كل قطرة. يتميز بطعمه الرائع وتركيبته المميزة التي تجعله الخيار الأمثل لإرواء ظمأك في أي وقت. مثالي للحفلات والتجمعات العائلية والمناسبات المختلفة. يحتوي على نكهات متميزة تجعل كل رشفة تجربة لا تُنسى. احصل عليه الآن من أيرا ميني مارت بأفضل الأسعار وأعلى جودة. مشروبنا المميز يوفر لك الانتعاش الفوري ويلبي ذوقك الرفيع في كل لحظة تحتاج فيها إلى الترطيب. | J8: Show | K8: =IMAGE("https://cdn.store.link/products/ayiraminimart50505/qxl8-5-mirinda%20orange%20bottle%201.25%20litres.png?versionId=IsndLwQrdZWw_0j9L32rEUStZzHgNcgy")
A9: Red Bull Sugar Free 250ml – ريد بول خالي من السكر 250 مل | B9: Energy & Sports Drinks – مشروبات الطاقة والرياضة | C9: 10 | D9: اشحن طاقتك مع ريد بول، مشروب الطاقة المفضل لدى الرياضيين والمحترفين. يمنحك التركيز والنشاط اللازمين لمواجهة تحديات اليوم بكفاءة عالية. بتركيبة فريدة من الكافيين والفيتامينات والأحماض الأمينية، يساعدك على الأداء بأقصى طاقتك. مثالي قبل التمرين الرياضي أو خلال ساعات العمل الطويلة. اكتشف الفرق مع كل رشفة وعش تجربة طاقة لا مثيل لها. متاح الآن في أيرا ميني مارت بسعر مناسب وجودة مضمونة. | J9: Show | K9: =IMAGE("https://cdn.store.link/products/ayiraminimart50505/jk50yg-red%20bull%20sugar%20free%20250ml.png?versionId=rO5I2j3ZWbAp2ajiWintHWyBg7Iv79jE")
A10: Red Bull Sea Blue Edition 250ml – ريد بُل سي بلو إديشن 250 مل | B10: Energy & Sports Drinks – مشروبات الطاقة والرياضة | C10: 10 | D10: اشحن طاقتك مع ريد بول، مشروب الطاقة المفضل لدى الرياضيين والمحترفين. يمنحك التركيز والنشاط اللازمين لمواجهة تحديات اليوم بكفاءة عالية. بتركيبة فريدة من الكافيين والفيتامينات والأحماض الأمينية، يساعدك على الأداء بأقصى طاقتك. مثالي قبل التمرين الرياضي أو خلال ساعات العمل الطويلة. اكتشف الفرق مع كل رشفة وعش تجربة طاقة لا مثيل لها. متاح الآن في أيرا ميني مارت بسعر مناسب وجودة مضمونة. | J10: Show | K10: =IMAGE("https://cdn.store.link/products/ayiraminimart50505/9r0v4c-red%20bull%20the%20sea%20blue%20edition%20%28cherry%20?versionId=sdDq3pJeZkcWXRjY6BGQhpxc2E1cTYDo")
A11: Red Bull White Edition Coconut Berry 250ml – ريد بُل وايت إديشن بنكهة جوز الهند والتوت 250 مل | B11: Energy & Sports Drinks – مشروبات الطاقة والرياضة | C11: 10 | D11: اشحن طاقتك مع ريد بول، مشروب الطاقة المفضل لدى الرياضيين والمحترفين. يمنحك التركيز والنشاط اللازمين لمواجهة تحديات اليوم بكفاءة عالية. بتركيبة فريدة من الكافيين والفيتامينات والأحماض الأمينية، يساعدك على الأداء بأقصى طاقتك. مثالي قبل التمرين الرياضي أو خلال ساعات العمل الطويلة. اكتشف الفرق مع كل رشفة وعش تجربة طاقة لا مثيل لها. متاح الآن في أيرا ميني مارت بسعر مناسب وجودة مضمونة. | J11: Show | K11: =IMAGE("https://cdn.store.link/products/ayiraminimart50505/b8x8pu-red%20bull%20the%20white%20edition%20%28coconut%20?versionId=vt6oRz6KnteH8MLOa8HCjcsP9awhQY8a")
A12: Red Bull Energy Drink 250ml – مشروب الطاقة ريد بُل 250 مل | B12: Energy & Sports Drinks – مشروبات الطاقة والرياضة | C12: 10 | D12: اشحن طاقتك مع ريد بول، مشروب الطاقة المفضل لدى الرياضيين والمحترفين. يمنحك التركيز والنشاط اللازمين لمواجهة تحديات اليوم بكفاءة عالية. بتركيبة فريدة من الكافيين والفيتامينات والأحماض الأمينية، يساعدك على الأداء بأقصى طاقتك. مثالي قبل التمرين الرياضي أو خلال ساعات العمل الطويلة. اكتشف الفرق مع كل رشفة وعش تجربة طاقة لا مثيل لها. متاح الآن في أيرا ميني مارت بسعر مناسب وجودة مضمونة. | J12: Show | K12: =IMAGE("https://cdn.store.link/products/ayiraminimart50505/c1tpch-red%20bull%20energy%20drink%20250%20ml.png?versionId=zjXM60JG3xmh0dZulGi1m5pjnnQ2SHok")
A13: Coca-Cola Sleek Can 330ml – كوكاكولا – علبة نحيفة 330 مل | B13: Carbonated Soft Drinks – المشروبات الغازية | C13: 2.5 | D13: استمتع بـ كوكاكولا، المشروب الغازي المنعش الذي يمنحك طاقة وحيوية في كل قطرة. يتميز بطعمه الرائع وتركيبته المميزة التي تجعله الخيار الأمثل لإرواء ظمأك في أي وقت. مثالي للحفلات والتجمعات العائلية والمناسبات المختلفة. يحتوي على نكهات متميزة تجعل كل رشفة تجربة لا تُنسى. احصل عليه الآن من أيرا ميني مارت بأفضل الأسعار وأعلى جودة. مشروبنا المميز يوفر لك الانتعاش الفوري ويلبي ذوقك الرفيع في كل لحظة تحتاج فيها إلى الترطيب. | J13: Show | K13: =IMAGE("https://cdn.store.link/products/ayiraminimart50505/iftisg-coca-cola%20sleek%20can%20330ml.png?versionId=tSPewvXz2qClB2r4WCg6gsrfe7A7zQ.E")
A14: 7Up 150ml – سفن أب 150 مل | B14: Carbonated Soft Drinks – المشروبات الغازية | C14: 2 | D14: استمتع بـ سفن أب، المشروب الغازي المنعش الذي يمنحك طاقة وحيوية في كل قطرة. يتميز بطعمه الرائع وتركيبته المميزة التي تجعله الخيار الأمثل لإرواء ظمأك في أي وقت. مثالي للحفلات والتجمعات العائلية والمناسبات المختلفة. يحتوي على نكهات متميزة تجعل كل رشفة تجربة لا تُنسى. احصل عليه الآن من أيرا ميني مارت بأفضل الأسعار وأعلى جودة. مشروبنا المميز يوفر لك الانتعاش الفوري ويلبي ذوقك الرفيع في كل لحظة تحتاج فيها إلى الترطيب. | J14: Show | K14: =IMAGE("https://cdn.store.link/products/ayiraminimart50505/p9o6hb-7up%20150ml.png?versionId=K32vu1YG3vHXk2ycHDw4ySVVX0HCXRMl")
A15: Mirinda Citrus 330ml – ميرندا الحمضيات 330 مل | B15: Carbonated Soft Drinks – المشروبات الغازية | C15: 2.5 | D15: استمتع بـ ميرندا، المشروب الغازي المنعش الذي يمنحك طاقة وحيوية في كل قطرة. يتميز بطعمه الرائع وتركيبته المميزة التي تجعله الخيار الأمثل لإرواء ظمأك في أي وقت. مثالي للحفلات والتجمعات العائلية والمناسبات المختلفة. يحتوي على نكهات متميزة تجعل كل رشفة تجربة لا تُنسى. احصل عليه الآن من أيرا ميني مارت بأفضل الأسعار وأعلى جودة. مشروبنا المميز يوفر لك الانتعاش الفوري ويلبي ذوقك الرفيع في كل لحظة تحتاج فيها إلى الترطيب. | J15: Show | K15: =IMAGE("https://cdn.store.link/products/ayiraminimart50505/eo98-i-mirinda%20citrus%20delicious%20?versionId=WxfWSpWiW4vkG7M.OfZzUbvNWCAaI0sb")
A16: Mirinda Apple 330ml – ميرندا تفاح 330 مل | B16: Carbonated Soft Drinks – المشروبات الغازية | C16: 2.5 | D16: استمتع بـ ميرندا، المشروب الغازي المنعش الذي يمنحك طاقة وحيوية في كل قطرة. يتميز بطعمه الرائع وتركيبته المميزة التي تجعله الخيار الأمثل لإرواء ظمأك في أي وقت. مثالي للحفلات والتجمعات العائلية والمناسبات المختلفة. يحتوي على نكهات متميزة تجعل كل رشفة تجربة لا تُنسى. احصل عليه الآن من أيرا ميني مارت بأفضل الأسعار وأعلى جودة. مشروبنا المميز يوفر لك الانتعاش الفوري ويلبي ذوقك الرفيع في كل لحظة تحتاج فيها إلى الترطيب. | J16: Show | K16: =IMAGE("https://cdn.store.link/products/ayiraminimart50505/knkvf7-mirinda%20green%20apple%20%E2%80%93%20delicious%20?versionId=WOKH4VzKx7gorw7Pd10DSDxZW_42hTmU")
A17: Double Up Fresh Breeze Mojito 350ml – موهيتو دبل أب نسيم منعش 350 مل | B17: Carbonated Soft Drinks – المشروبات الغازية | C17: 3.5 | D17: استمتع بـ دبل أب، المشروب الغازي المنعش الذي يمنحك طاقة وحيوية في كل قطرة. يتميز بطعمه الرائع وتركيبته المميزة التي تجعله الخيار الأمثل لإرواء ظمأك في أي وقت. مثالي للحفلات والتجمعات العائلية والمناسبات المختلفة. يحتوي على نكهات متميزة تجعل كل رشفة تجربة لا تُنسى. احصل عليه الآن من أيرا ميني مارت بأفضل الأسعار وأعلى جودة. مشروبنا المميز يوفر لك الانتعاش الفوري ويلبي ذوقك الرفيع في كل لحظة تحتاج فيها إلى الترطيب. | J17: Out of Stock | K17: =IMAGE("https://cdn.store.link/products/ayiraminimart50505/eg3h15-double%20up%20fresh%20breeze%20mojito%20350ml.png?versionId=t2KQp.FF_XlkBAAdWIGeJgGg9aegyoWU")
A18: Double Up Fresh Breeze Red Apple 350ml – دبل أب نسيم منعش بنكهة التفاح الأحمر 350 مل | B18: CARbonated Soft Drinks – المشروبات الغازية | C18: 3.5 | D18: استمتع بـ دبل أب، المشروب الغازي المنعش الذي يمنحك طاقة وحيوية في كل قطرة. يتميز بطعمه الرائع وتركيبته المميزة التي تجعله الخيار الأمثل لإرواء ظمأك في أي وقت. مثالي للحفلات والتجمعات العائلية والمناسبات المختلفة. يحتوي على نكهات متميزة تجعل كل رشفة تجربة لا تُنسى. احصل عليه الآن من أيرا ميني مارت بأفضل الأسعار وأعلى جودة. مشروبنا المميز يوفر لك الانتعاش الفوري ويلبي ذوقك الرفيع في كل لحظة تحتاج فيها إلى الترطيب. | J18: Out of Stock | K18: =IMAGE("https://cdn.store.link/products/ayiraminimart50505/zyt7ts-double%20up%20fresh%20breeze%20red%20apple%20350%20ml.png?versionId=fpHEijojcFQhvyo65gSzJj9Wibj4UvPh")
A19: RAYYAN Natural Water 330ml × 12 – مياه ريان طبيعية 330 مل × 12 | B19: Water – المياه | C19: 8 | D19: اشرب ريان، المياه النقية التي تعيد لجسمك توازنه الطبيعي. مستخرجة من أنقى المصادر الطبيعية ومعبأة بأعلى معايير الجودة والنظافة لضمان وصولها إليك بأفضل حالة. الترطيب الصحي أساس الحياة الجيدة، واختيارك لهذه المياه يعكس اهتمامك بصحتك. احرص على شرب كميات كافية يومياً للحفاظ على نشاطك وحيويتك. توفر لك أيرا ميني مارت هذه المياه الممتازة بأسعار تنافسية. | J19: Show | K19: =IMAGE("https://cdn.store.link/products/ayiraminimart50505/ln1vwn-rayyan%20natural%20water%20330ml%20%C3%97.png?versionId=b8X0bGBPFJKPKCfvzwwPcSgrlphEUJZw")
A20: Rayyan Natural Water 1.5L x 6 مياه ريان طبيعية 1.5 لتر × 6 | B20: Water – المياه | C20: 7 | D20: اشرب ريان، المياه النقية التي تعيد لجسمك توازنه الطبيعي. مستخرجة من أنقى المصادر الطبيعية ومعبأة بأعلى معايير الجودة والنظافة لضمان وصولها إليك بأفضل حالة. الترطيب الصحي أساس الحياة الجيدة، واختيارك لهذه المياه يعكس اهتمامك بصحتك. احرص على شرب كميات كافية يومياً للحفاظ على نشاطك وحيويتك. توفر لك أيرا ميني مارت هذه المياه الممتازة بأسعار تنافسية. | J20: Show | K20: =IMAGE("https://cdn.store.link/products/ayiraminimart50505/quwxhi-rayyan%20natural%20water%201.5l%20x%206.png?versionId=_zwzhTvzoK8RCWwXto3AV5BI9lJfRdwC")
A21: Qatar Oasis Natural Water 1.5L x 6 مياه قطر واحة الطبيعية – ١.٥ لتر × ٦ زجاجات | B21: Water – المياه | C21: 6 | D21: اشرب Qatar Oasis Natural Water 1.5L x 6 مياه قطر واحة الطبيعية – ١.٥ لتر × ٦ زجاجات، المياه النقية التي تعيد لجسمك توازنه الطبيعي. مستخرجة من أنقى المصادر الطبيعية ومعبأة بأعلى معايير الجودة والنظافة لضمان وصولها إليك بأفضل حالة. الترطيب الصحي أساس الحياة الجيدة، واختيارك لهذه المياه يعكس اهتمامك بصحتك. احرص على شرب كميات كافية يومياً للحفاظ على نشاطك وحيويتك. توفر لك أيرا ميني مارت هذه المياه الممتازة بأسعار تنافسية. | J21: Show | K21: =IMAGE("https://cdn.store.link/products/ayiraminimart50505/5zi9qe-qatar%20oasis%20natural%20water%201.5l%20x%206.png?versionId=OiM87o5wA.aLUizcFUKInz9gA_2TO6fR")
A22: Amwaj Mineral Water 1.5L x 6 مياه أمواج المعدنية 1.5 لتر × 6 | B22: Water – المياه | C22: 12 | D22: اشرب Amwaj Mineral Water 1.5L x 6 مياه أمواج المعدنية 1.5 لتر × 6، المياه النقية التي تعيد لجسمك توازنه الطبيعي. مستخرجة من أنقى المصادر الطبيعية ومعبأة بأعلى معايير الجودة والنظافة لضمان وصولها إليك بأفضل حالة. الترطيب الصحي أساس الحياة الجيدة، واختيارك لهذه المياه يعكس اهتمامك بصحتك. احرص على شرب كميات كافية يومياً للحفاظ على نشاطك وحيويتك. توفر لك أيرا ميني مارت هذه المياه الممتازة بأسعار تنافسية. | J22: Hide | K22: =IMAGE("https://cdn.store.link/products/ayiraminimart50505/d2y0fi-amwaj%20mineral%20water%20330ml%20x%20300.png?versionId=.uzgGg.LYAKPaUsf21m8xN565W_Rkk2M")
A23: Amwaj Mineral Water 330ml x 30 مياه أمواج المع30 مل × 30 | B23: Water – المياه | C23: 12 | D23: اشرب Amwaj Mineral Water 330ml x 300 مياه أمواج المعدنية 330 مل × 30، المياه النقية التي تعيد لجسمك توازنه الطبيعي. مستخرجة من أنقى المصادر الطبيعية ومعبأة بأعلى معايير الجودة والنظافة لضمان وصولها إليك بأفضل حالة. الترطيب الصحي أساس الحياة الجيدة، واختيارك لهذه المياه يعكس اهتمامك بصحتك. احرص على شرب كميات كافية يومياً للحفاظ على نشاطك وحيويتك. توفر لك أيرا ميني مارت هذه المياه الممتازة بأسعار تنافسية. | J23: Show | K23: =IMAGE("https://cdn.store.link/products/ayiraminimart50505/38l454-amajwaj.png?versionId=iQWNF9p8gKuJBXlJf2hcI_q4zHeUtv5E")
A24: Rayyan Mineral Water 330ml x 30 مياه ريان المعدنية 330 مل × 30 | B24: Water – المياه | C24: 15 | D24: اشرب ريان، المياه النقية التي تعيد لجسمك توازنه الطبيعي. مستخرجة من أنقى المصادر الطبيعية ومعبأة بأعلى معايير الجودة والنظافة لضمان وصولها إليك بأفضل حالة. الترطيب الصحي أساس الحياة الجيدة، واختيارك لهذه المياه يعكس اهتمامك بصحتك. احرص على شرب كميات كافية يومياً للحفاظ على نشاطك وحيويتك. توفر لك أيرا ميني مارت هذه المياه الممتازة بأسعار تنافسية. | J24: Show | K24: =IMAGE("https://cdn.store.link/products/ayiraminimart50505/70c2d6-rayyan%20mineral%20water%20330ml%20x%2030.png?versionId=kvZ2sXItQcz9sVcWjsOZsh4bJSucDbtZ")
A25: Rayyan Mineral Water 200ml x 30 مياه ريان المعدنية 200 مل × 30 | B25: Water – المياه | C25: 14 | D25: اشرب ريان، المياه النقية التي تعيد لجسمك توازنه الطبيعي. مستخرجة من أنقى المصادر الطبيعية ومعبأة بأعلى معايير الجودة والنظافة لضمان وصولها إليك بأفضل حالة. الترطيب الصحي أساس الحياة الجيدة، واختيارك لهذه المياه يعكس اهتمامك بصحتك. احرص على شرب كميات كافية يومياً للحفاظ على نشاطك وحيويتك. توفر لك أيرا ميني مارت هذه المياه الممتازة بأسعار تنافسية. | J25: Show | K25: =IMAGE("https://cdn.store.link/products/ayiraminimart50505/rven3m-rayyan%20mineral%20water%20200ml%20x%2030.png?versionId=pP_QgVTi1tpySwkJ9Sz5q0atEm6Q5_bp")
A26: Rayyan Natural Water 330ml x 12 مياه ريان طبيعية 330 مل × 12 | B26: Water – المياه | C26: 8 | D26: اشرب ريان، المياه النقية التي تعيد لجسمك توازنه الطبيعي. مستخرجة من أنقى المصادر الطبيعية ومعبأة بأعلى معايير الجودة والنظافة لضمان وصولها إليك بأفضل حالة. الترطيب الصحي أساس الحياة الجيدة، واختيارك لهذه المياه يعكس اهتمامك بصحتك. احرص على شرب كميات كافية يومياً للحفاظ على نشاطك وحيويتك. توفر لك أيرا ميني مارت هذه المياه الممتازة بأسعار تنافسية. | J26: Show | K26: =IMAGE("https://cdn.store.link/products/ayiraminimart50505/22hm6w-rayyan%20natural%20water%20330ml%20x%2012.png?versionId=7nJomvh4Gi4UP2aPfKQOwbqlROlD9y3J")
A27: Rayyan Alkaline Mineral Water 1.5L x 6 مياه ريان القلوية المعدنية 1.5 لتر × 6 | B27: Water – المياه | C27: 9 | D27: اشرب ريان، المياه النقية التي تعيد لجسمك توازنه الطبيعي. مستخرجة من أنقى المصادر الطبيعية ومعبأة بأعلى معايير الجودة والنظافة لضمان وصولها إليك بأفضل حالة. الترطيب الصحي أساس الحياة الجيدة، واختيارك لهذه المياه يعكس اهتمامك بصحتك. احرص على شرب كميات كافية يومياً للحفاظ على نشاطك وحيويتك. توفر لك أيرا ميني مارت هذه المياه الممتازة بأسعار تنافسية. | J27: Show | K27: =IMAGE("https://cdn.store.link/products/ayiraminimart50505/mrs9sz-rayyan%20alkaline%20mineral%20water%201.5l%20x%206.png?versionId=vXqueSmDcIkOC4aDly2g1tBReH4lkwwZ")
A28: Arwa Water 12pcs | B28: Water – المياه | C28: 9 | J28: Show | K28: =IMAGE("https://cdn.store.link/products/ayiraminimart50505/5fltvp-arwa%20water.png?versionId=mytNle2wMMYsXMYxlMzly7FWNxAZ9ADn")
A29: Pran Basil Seed Lychee 250 ml بران بذور الريحان بنكهة الليتشي بحجم 250 مل | B29: Juices & Fruit Drinks – العصائر ومشروبات الفاكهة | C29: 2 | D29: اكتشف Pran Basil Seed Lychee 250 ml بران بذور الريحان بنكهة الليتشي بحجم 250 مل، المنتج المميز الذي يجمع بين الجودة العالية والقيمة الرائعة. مصنوع وفق أعلى معايير الجودة والسلامة لضمان رضاك التام في كل مرة. يتميز بمواصفاته الممتازة التي تجعله الخيار الأفضل لك ولعائلتك. سواء للاستخدام اليومي أو للمناسبات الخاصة، فهو يلبي توقعاتك ويتجاوزها. احصل عليه الآن من أيرا ميني مارت واستمتع بتجربة شراء ممتعة وموثوقة. | J29: Show | K29: =IMAGE("https://cdn.store.link/products/ayiraminimart50505/dkyvk5-pran%20basil%20seed%20lychee%20250%20ml.png?versionId=v0ofL6YjCnmyaqsiz7BxtUP_txXEv404")
A30: KDD Cocktail Fruit Drink 250ml – مشروب كوكتيل فواكه كي دي دي 250 مل | B30: Juices & Fruit Drinks – العصائر ومشروبات الفاكهة | C30: 2 | D30: استمتع بـ كي دي دي، المشروب الغازي المنعش الذي يمنحك طاقة وحيوية في كل قطرة. يتميز بطعمه الرائع وتركيبته المميزة التي تجعله الخيار الأمثل لإرواء ظمأك في أي وقت. مثالي للحفلات والتجمعات العائلية والمناسبات المختلفة. يحتوي على نكهات متميزة تجعل كل رشفة تجربة لا تُنسى. احصل عليه الآن من أيرا ميني مارت بأفضل الأسعار وأعلى جودة. مشروبنا المميز يوفر لك الانتعاش الفوري ويلبي ذوقك الرفيع في كل لحظة تحتاج فيها إلى الترطيب. | J30: Show | K30: =IMAGE("https://cdn.store.link/products/ayiraminimart50505/qy5utg-kdd%20cocktail%20fruit%20drink%20180%20ml.png?versionId=8d_GsxfztSS2pDGO.s2_dL938YDVRFzI")
A31: KDD Cherry Drink 250 ml – كي دي دي كرز مشروب 250 مل | B31: Juices & Fruit Drinks – العصائر ومشروبات الفاكهة | C31: 2.5 | D31: استمتع بـ كي دي دي، المشروب الغازي المنعش الذي يمنحك طاقة وحيوية في كل قطرة. يتميز بطعمه الرائع وتركيبته المميزة التي تجعله الخيار الأمثل لإرواء ظمأك في أي وقت. مثالي للحفلات والتجمعات العائلية والمناسبات المختلفة. يحتوي على نكهات متميزة تجعل كل رشفة تجربة لا تُنسى. احصل عليه الآن من أيرا ميني مارت بأفضل الأسعار وأعلى جودة. مشروبنا المميز يوفر لك الانتعاش الفوري ويلبي ذوقك الرفيع في كل لحظة تحتاج فيها إلى الترطيب. | J31: Show | K31: =IMAGE("https://cdn.store.link/products/ayiraminimart50505/mc010h-kdd%20cherry%20drink%20250%20ml.png?versionId=vE.YCuKGdBhfkrJHSuLqYZNwMDp8W8rz")
A32: KDD Guava Nectar 250 ml – كي دي دي جوافة نكتار 250 مل | B32: Juices & Fruit Drinks – العصائر ومشروبات الفاكهة | C32: 2.5 | D32: احرص على صحتك مع كي دي دي، العصير الطازج الغني بالفيتامينات والمعادن الضرورية لصحة جسمك. مصنوع من أجود الفواكه المختارة بعناية لتمنحك طعماً رائعاً وفائدة غذائية عالية. يمنحك الطاقة الطبيعية ويعزز جهازك المناعي بفضل محتواه الغني. مثالي للإفطار اليومي أو كمشروب صحي في أي وقت. اطلبه الآن من أيرا ميني مارت واستمتع بكل قطرة من هذا العصير اللذيذ والمفيد. | J32: Show | K32: =IMAGE("https://cdn.store.link/products/ayiraminimart50505/ulwg6b-kdd%20guava%20nectar%20250%20ml.png?versionId=S77h7Y91F8nclznUQwE.p9ZoXCGmuDmF")
A33: KDD Mango Nectar 250 ml – كي دي دي مانجو نكتار 250 مل | B33: Juices & Fruit Drinks – العصائر ومشروبات الفاكهة | C33: 2.5 | D33: احرص على صحتك مع كي دي دي، العصير الطازج الغني بالفيتامينات والمعادن الضرورية لصحة جسمك. مصنوع من أجود الفواكه المختارة بعناية لتمنحك طعماً رائعاً وفائدة غذائية عالية. يمنحك الطاقة الطبيعية ويعزز جهازك المناعي بفضل محتواه الغني. مثالي للإفطار اليومي أو كمشروب صحي في أي وقت. اطلبه الآن من أيرا ميني مارت واستمتع بكل قطرة من هذا العصير اللذيذ والمفيد. | J33: Show | K33: =IMAGE("https://cdn.store.link/products/ayiraminimart50505/s96wfq-kdd%20mango%20nectar%20250%20ml.png?versionId=0w.PKY58A11MAJci1pF6fX._DEBbbHUb")
A34: KDD 100% Pineapple Juice 250 ml – كي دي دي 100% أناناس عصير 250 مل | B34: Juices & Fruit Drinks – العصائر ومشروبات الفاكهة | C34: 2.5 | D34: احرص على صحتك مع كي دي دي، العصير الطازج الغني بالفيتامينات والمعادن الضرورية لصحة جسمك. مصنوع من أجود الفواكه المختارة بعناية لتمنحك طعماً رائعاً وفائدة غذائية عالية. يمنحك الطاقة الطبيعية ويعزز جهازك المناعي بفضل محتواه الغني. مثالي للإفطار اليومي أو كمشروب صحي في أي وقت. اطلبه الآن من أيرا ميني مارت واستمتع بكل قطرة من هذا العصير اللذيذ والمفيد. | J34: Show | K34: =IMAGE("https://cdn.store.link/products/ayiraminimart50505/gapcdl-kdd%2520100%25%2520pineapple%2520juice%2520250%2520ml.png?versionId=To8kDi8TYbikYEOd9FkrNzPaLXlLneI9")
A35: KDD 100% Apple Juice 250 ml – كي دي دي 100% تفاح عصير 250 مل | B35: Juices & Fruit Drinks – العصائر ومشروبات الفاكهة | C35: 2.5 | D35: احرص على صحتك مع كي دي دي، العصير الطازج الغني بالفيتامينات والمعادن الضرورية لصحة جسمك. مصنوع من أجود الفواكه المختارة بعناية لتمنحك طعماً رائعاً وفائدة غذائية عالية. يمنحك الطاقة الطبيعية ويعزز جهازك المناعي بفضل محتواه الغني. مثالي للإفطار اليومي أو كمشروب صحي في أي وقت. اطلبه الآن من أيرا ميني مارت واستمتع بكل قطرة من هذا العصير اللذيذ والمفيد. | J35: Show | K35: =IMAGE("https://cdn.store.link/products/ayiraminimart50505/loocib-kdd%2520100%25%2520apple%2520juice%2520250%2520ml.png?versionId=Wum2AQQKg4PWeN.J_ZpBxdX7BdPcEKsi")
A36: KDD 100% Orange Juice 250 ml – كي دي دي 100% برتقال عصير 250 مل | B36: Juices & Fruit Drinks – العصائر ومشروبات الفاكهة | C36: 2.5 | D36: احرص على صحتك مع كي دي دي، العصير الطازج الغني بالفيتامينات والمعادن الضرورية لصحة جسمك. مصنوع من أجود الفواكه المختارة بعناية لتمنحك طعماً رائعاً وفائدة غذائية عالية. يمنحك الطاقة الطبيعية ويعزز جهازك المناعي بفضل محتواه الغني. مثالي للإفطار اليومي أو كمشروب صحي في أي وقت. اطلبه الآن من أيرا ميني مارت واستمتع بكل قطرة من هذا العصير اللذيذ والمفيد. | J36: Show | K36: =IMAGE("https://cdn.store.link/products/ayiraminimart50505/loocib-kdd%2520100%25%2520apple%2520juice%2520250%2520ml.png?versionId=Wum2AQQKg4PWeN.J_ZpBxdX7BdPcEKsi")
A37: KDD Peach Nectar 250 ml – كي دي دي خوخ نكتار 250 مل | B37: Juices & Fruit Drinks – العصائر ومشروبات الفاكهة | C37: 2.5 | D37: احرص على صحتك مع كي دي دي، العصير الطازج الغني بالفيتامينات والمعادن الضرورية لصحة جسمك. مصنوع من أجود الفواكه المختارة بعناية لتمنحك طعماً رائعاً وفائدة غذائية عالية. يمنحك الطاقة الطبيعية ويعزز جهازك المناعي بفضل محتواه الغني. مثالي للإفطار اليومي أو كمشروب صحي في أي وقت. اطلبه الآن من أيرا ميني مارت واستمتع بكل قطرة من هذا العصير اللذيذ والمفيد. | J37: Show | K37: =IMAGE("https://cdn.store.link/products/ayiraminimart50505/thds7c-kdd%2520100%25%2520orange%2520juice%2520250%2520ml.png?versionId=.SvI0ueWIvsEq6ygSLoC1iOsH3kPSqcd")
A38: KDD Cocktail Fruit Drink 180 ml – كي دي دي Cocktail Fruit مشروب 180 مل | B38: Juices & Fruit Drinks – العصائر ومشروبات الفاكهة | C38: 2 | D38: استمتع بـ كي دي دي، المشروب الغازي المنعش الذي يمنحك طاقة وحيوية في كل قطرة. يتميز بطعمه الرائع وتركيبته المميزة التي تجعله الخيار الأمثل لإرواء ظمأك في أي وقت. مثالي للحفلات والتجمعات العائلية والمناسبات المختلفة. يحتوي على نكهات متميزة تجعل كل رشفة تجربة لا تُنسى. احصل عليه الآن من أيرا ميني مارت بأفضل الأسعار وأعلى جودة. مشروبنا المميز يوفر لك الانتعاش الفوري ويلبي ذوقك الرفيع في كل لحظة تحتاج فيها إلى الترطيب. | J38: Show | K38: =IMAGE("https://cdn.store.link/products/ayiraminimart50505/2qcepq-kdd%20peach%20nectar%20250%20ml.png?versionId=_hxsR.rSrdBi4VVXkrM3FxG9X9ceC60h")
A39: KDD 100% Orange Juice 180 ml – كي دي دي 100% برتقال عصير 180 مل | B39: Juices & Fruit Drinks – العصائر ومشروبات الفاكهة | C39: 2 | D39: احرص على صحتك مع كي دي دي، العصير الطازج الغني بالفيتامينات والمعادن الضرورية لصحة جسمك. مصنوع من أجود الفواكه المختارة بعناية لتمنحك طعماً رائعاً وفائدة غذائية عالية. يمنحك الطاقة الطبيعية ويعزز جهازك المناعي بفضل محتواه الغني. مثالي للإفطار اليومي أو كمشروب صحي في أي وقت. اطلبه الآن من أيرا ميني مارت واستمتع بكل قطرة من هذا العصير اللذيذ والمفيد. | J39: Show | K39: =IMAGE("https://cdn.store.link/products/ayiraminimart50505/qy5utg-kdd%20cocktail%20fruit%20drink%20180%20ml.png?versionId=8d_GsxfztSS2pDGO.s2_dL938YDVRFzI")
A40: KDD Guava Nectar 180 ml – كي دي دي جوافة نكتار 180 مل | B40: Juices & Fruit Drinks – العصائر ومشروبات الفاكهة | C40: 2 | D40: احرص على صحتك مع كي دي دي، العصير الطازج الغني بالفيتامينات والمعادن الضرورية لصحة جسمك. مصنوع من أجود الفواكه المختارة بعناية لتمنحك طعماً رائعاً وفائدة غذائية عالية. يمنحك الطاقة الطبيعية ويعزز جهازك المناعي بفضل محتواه الغني. مثالي للإفطار اليومي أو كمشروب صحي في أي وقت. اطلبه الآن من أيرا ميني مارت واستمتع بكل قطرة من هذا العصير اللذيذ والمفيد. | J40: Show | K40: =IMAGE("https://cdn.store.link/products/ayiraminimart50505/e1gce8-kdd%20guava%20nectar%20180%20ml.png?versionId=RAVFQKHBrUfRsM8E0SJvM0ckFUhTp.wO")
A41: KDD 100% Apple Juice 180 ml – كي دي دي 100% تفاح عصير 180 مل | B41: Juices & Fruit Drinks – العصائر ومشروبات الفاكهة | C41: 2 | D41: احرص على صحتك مع كي دي دي، العصير الطازج الغني بالفيتامينات والمعادن الضرورية لصحة جسمك. مصنوع من أجود الفواكه المختارة بعناية لتمنحك طعماً رائعاً وفائدة غذائية عالية. يمنحك الطاقة الطبيعية ويعزز جهازك المناعي بفضل محتواه الغني. مثالي للإفطار اليومي أو كمشروب صحي في أي وقت. اطلبه الآن من أيرا ميني مارت واستمتع بكل قطرة من هذا العصير اللذيذ والمفيد. | J41: Show | K41: =IMAGE("https://cdn.store.link/products/ayiraminimart50505/fx5sqg-kdd%2520100%25%2520apple%2520juice%2520180%2520ml.png?versionId=uurNj_jxEsn1lBlp.ZS_ZF6f5DZ9KrRD")
A42: KDD Chocolate Milk Enriched with Vitamins A & D 125 ml – كي دي دي شوكولاتة حليب مدعم with فيتامينات A & D 125 مل | B42: Juices & Fruit Drinks – العصائر ومشروبات الفاكهة | C42: 2 | D42: دلّل حواسك مع كي دي دي، الشوكولاتة الفاخرة التي تمزج بين الطعم الغني والقوام المثالي. مصنوعة من أفضل حبوب الكاكاو المختارة لتمنحك تجربة حلوى استثنائية في كل مرة. سواء أكنت تبحث عن هدية مميزة أو تريد مكافأة نفسك، فهذه الشوكولاتة هي الخيار الأمثل. استمتع بكل قطعة وانغمس في عالم من النعومة والحلاوة. احصل عليها من أيرا ميني مارت وعاش لحظات من البهجة الحقيقية. | J42: Show | K42: =IMAGE("https://cdn.store.link/products/ayiraminimart50505/ve39u8-kdd%20chocolate%20milk%20enriched%20with%20vitamins%20a%20?versionId=Tk4GlJtlCjNAvhvqEuBzdTl68Hsr3FXT")
A43: KDD Apple Juice 125 ml – كي دي دي تفاح عصير 125 مل | B43: Juices & Fruit Drinks – العصائر ومشروبات الفاكهة | C43: 2 | D43: احرص على صحتك مع كي دي دي، العصير الطازج الغني بالفيتامينات والمعادن الضرورية لصحة جسمك. مصنوع من أجود الفواكه المختارة بعناية لتمنحك طعماً رائعاً وفائدة غذائية عالية. يمنحك الطاقة الطبيعية ويعزز جهازك المناعي بفضل محتواه الغني. مثالي للإفطار اليومي أو كمشروب صحي في أي وقت. اطلبه الآن من أيرا ميني مارت واستمتع بكل قطرة من هذا العصير اللذيذ والمفيد. | J43: Show | K43: =IMAGE("https://cdn.store.link/products/ayiraminimart50505/1giw4a-kdd%20apple%20juice%20125%20ml.png?versionId=Q39q9C5Hbd6RuVba_rseXMqUlSWvXWaA")
A44: KDD Mango Nectar 125 ml – كي دي دي مانجو نكتار 125 مل | B44: Juices & Fruit Drinks – العصائر ومشروبات الفاكهة | C44: 1.25 | D44: احرص على صحتك مع كي دي دي، العصير الطازج الغني بالفيتامينات والمعادن الضرورية لصحة جسمك. مصنوع من أجود الفواكه المختارة بعناية لتمنحك طعماً رائعاً وفائدة غذائية عالية. يمنحك الطاقة الطبيعية ويعزز جهازك المناعي بفضل محتواه الغني. مثالي للإفطار اليومي أو كمشروب صحي في أي وقت. اطلبه الآن من أيرا ميني مارت واستمتع بكل قطرة من هذا العصير اللذيذ والمفيد. | J44: Show | K44: =IMAGE("https://cdn.store.link/products/ayiraminimart50505/s96wfq-kdd%20mango%20nectar%20250%20ml.png?versionId=0w.PKY58A11MAJci1pF6fX._DEBbbHUb")
A45: KDD Cocktail Fruit Drink 125 ml – كي دي دي Cocktail Fruit مشروب 125 مل | B45: Juices & Fruit Drinks – العصائر ومشروبات الفاكهة | C45: 1.25 | D45: استمتع بـ كي دي دي، المشروب الغازي المنعش الذي يمنحك طاقة وحيوية في كل قطرة. يتميز بطعمه الرائع وتركيبته المميزة التي تجعله الخيار الأمثل لإرواء ظمأك في أي وقت. مثالي للحفلات والتجمعات العائلية والمناسبات المختلفة. يحتوي على نكهات متميزة تجعل كل رشفة تجربة لا تُنسى. احصل عليه الآن من أيرا ميني مارت بأفضل الأسعار وأعلى جودة. مشروبنا المميز يوفر لك الانتعاش الفوري ويلبي ذوقك الرفيع في كل لحظة تحتاج فيها إلى الترطيب. | J45: Show | K45: =IMAGE("https://cdn.store.link/products/ayiraminimart50505/gwyokz-kdd%20cocktail%20fruit%20drink%20125%20ml.png?versionId=jbnU1XXIxf98wexzv_eUmveDjcx8MsQX")
A46: KDD Orange with Grape Juice 125 ml – كي دي دي برتقال with عنب عصير 125 مل | B46: Juices & Fruit Drinks – العصائر ومشروبات الفاكهة | C46: 1.25 | D46: احرص على صحتك مع كي دي دي، العصير الطازج الغني بالفيتامينات والمعادن الضرورية لصحة جسمك. مصنوع من أجود الفواكه المختارة بعناية لتمنحك طعماً رائعاً وفائدة غذائية عالية. يمنحك الطاقة الطبيعية ويعزز جهازك المناعي بفضل محتواه الغني. مثالي للإفطار اليومي أو كمشروب صحي في أي وقت. اطلبه الآن من أيرا ميني مارت واستمتع بكل قطرة من هذا العصير اللذيذ والمفيد. | J46: Show | K46: =IMAGE("https://cdn.store.link/products/ayiraminimart50505/ct1bmo-kdd%20mango%20nectar%20125%20ml.png?versionId=x5V2YnrY6IIGdRZerROlPFyP.Rwvvwfz")
A47: Double Up Cola 200 ml – دبل أب Cola 200 مل | B47: Carbonated Soft Drinks – المشروبات الغازية | C47: 1.5 | D47: استمتع بـ دبل أب، المشروب الغازي المنعش الذي يمنحك طاقة وحيوية في كل قطرة. يتميز بطعمه الرائع وتركيبته المميزة التي تجعله الخيار الأمثل لإرواء ظمأك في أي وقت. مثالي للحفلات والتجمعات العائلية والمناسبات المختلفة. يحتوي على نكهات متميزة تجعل كل رشفة تجربة لا تُنسى. احصل عليه الآن من أيرا ميني مارت بأفضل الأسعار وأعلى جودة. مشروبنا المميز يوفر لك الانتعاش الفوري ويلبي ذوقك الرفيع في كل لحظة تحتاج فيها إلى الترطيب. | J47: Show | K47: =IMAGE("https://cdn.store.link/products/ayiraminimart50505/ym06hx-double%20up%20cola%20200%20ml.png?versionId=0SLG68zJJ7bBUR31vYBWdrfdlG6n3f_M")
A48: Double Up Lemon 200 ml – دبل أب ليمون 200 مل | B48: Carbonated Soft Drinks – المشروبات الغازية | C48: 1.5 | D48: استمتع بـ دبل أب، المشروب الغازي المنعش الذي يمنحك طاقة وحيوية في كل قطرة. يتميز بطعمه الرائع وتركيبته المميزة التي تجعله الخيار الأمثل لإرواء ظمأك في أي وقت. مثالي للحفلات والتجمعات العائلية والمناسبات المختلفة. يحتوي على نكهات متميزة تجعل كل رشفة تجربة لا تُنسى. احصل عليه الآن من أيرا ميني مارت بأفضل الأسعار وأعلى جودة. مشروبنا المميز يوفر لك الانتعاش الفوري ويلبي ذوقك الرفيع في كل لحظة تحتاج فيها إلى الترطيب. | J48: Show | K48: =IMAGE("https://cdn.store.link/products/ayiraminimart50505/95-zy2-double%20up%20lemon%20200%20ml.png?versionId=owRedwQF0V8mBdpFw1aRJJXJrF6HetQX")
A49: Guava Nectar (Contains 35% Juice) 250 ml – جوافة نكتار (Contains 35% Juice) 250 مل | B49: Juices & Fruit Drinks – العصائر ومشروبات الفاكهة | C49: 2 | D49: احرص على صحتك مع Guava Nectar (Contains 35% Juice) 250 ml، العصير الطازج الغني بالفيتامينات والمعادن الضرورية لصحة جسمك. مصنوع من أجود الفواكه المختارة بعناية لتمنحك طعماً رائعاً وفائدة غذائية عالية. يمنحك الطاقة الطبيعية ويعزز جهازك المناعي بفضل محتواه الغني. مثالي للإفطار اليومي أو كمشروب صحي في أي وقت. اطلبه الآن من أيرا ميني مارت واستمتع بكل قطرة من هذا العصير اللذيذ والمفيد. | J49: Hide | K49: =IMAGE("https://cdn.store.link/products/ayiraminimart50505/oiqxjp-guava%2520nectar%2520%28contains%252035%25%2520juice%29%2520250%2520ml.png?versionId=5nTEEmboWWdBo8t.mcr_sqJbkX.Fe_rn")
A50: Pomegranate Nectar 250ml – نكتار الرمان بحجم 250 مل | B50: Juices & Fruit Drinks – العصائر ومشروبات الفاكهة | C50: 2 | D50: احرص على صحتك مع Pomegranate Nectar 250ml – نكتار الرمان بحجم 250 مل، العصير الطازج الغني بالفيتامينات والمعادن الضرورية لصحة جسمك. مصنوع من أجود الفواكه المختارة بعناية لتمنحك طعماً رائعاً وفائدة غذائية عالية. يمنحك الطاقة الطبيعية ويعزز جهازك المناعي بفضل محتواه الغني. مثالي للإفطار اليومي أو كمشروب صحي في أي وقت. اطلبه الآن من أيرا ميني مارت واستمتع بكل قطرة من هذا العصير اللذيذ والمفيد. | J50: Show
A51: Mango Nectar 250ml – نكتار المانجو بحجم 250 مل | B51: Juices & Fruit Drinks – العصائر ومشروبات الفاكهة | C51: 2.5 | D51: احرص على صحتك مع Mango Nectar 250ml – نكتار المانجو بحجم 250 مل، العصير الطازج الغني بالفيتامينات والمعادن الضرورية لصحة جسمك. مصنوع من أجود الفواكه المختارة بعناية لتمنحك طعماً رائعاً وفائدة غذائية عالية. يمنحك الطاقة الطبيعية ويعزز جهازك المناعي بفضل محتواه الغني. مثالي للإفطار اليومي أو كمشروب صحي في أي وقت. اطلبه الآن من أيرا ميني مارت واستمتع بكل قطرة من هذا العصير اللذيذ والمفيد. | J51: Show | K51: =IMAGE("https://cdn.store.link/products/ayiraminimart50505/h7-lsl-kdd%20mango%20nectar%20250%20ml.png?versionId=2r7UlPxSXtyyCySNIOniYPZGGxiQFCpJ")
A52: Vimto Blue Raspberry Fruit Flavoured Drink 250ml – مشروب فاكهة فيمتو بنكهة التوت الأزرق 250 مل | B52: Juices & Fruit Drinks – العصائر ومشروبات الفاكهة | C52: 2 | D52: اكتشف Vimto Blue Raspberry Fruit Flavoured Drink 250ml – مشروب فاكهة فيمتو بنكهة التوت الأزرق 250 مل، المنتج المميز الذي يجمع بين الجودة العالية والقيمة الرائعة. مصنوع وفق أعلى معايير الجودة والسلامة لضمان رضاك التام في كل مرة. يتميز بمواصفاته الممتازة التي تجعله الخيار الأفضل لك ولعائلتك. سواء للاستخدام اليومي أو للمناسبات الخاصة، فهو يلبي توقعاتك ويتجاوزها. احصل عليه الآن من أيرا ميني مارت واستمتع بتجربة شراء ممتعة وموثوقة. | J52: Show | K52: =IMAGE("https://cdn.store.link/products/ayiraminimart50505/a82o31-vimto%20blue%20raspberry%20fruit%20flavoured%20drink%20250%20ml.png?versionId=QDpPEUbv0B7q_10y8sROvHsZv9pE8DMY")
A53: Vimto Fruit Flavoured Drink 250ml – مشروب فاكهة فيمتو 250 مل | B53: Juices & Fruit Drinks – العصائر ومشروبات الفاكهة | C53: 2 | D53: اكتشف Vimto Fruit Flavoured Drink 250ml – مشروب فاكهة فيمتو 250 مل، المنتج المميز الذي يجمع بين الجودة العالية والقيمة الرائعة. مصنوع وفق أعلى معايير الجودة والسلامة لضمان رضاك التام في كل مرة. يتميز بمواصفاته الممتازة التي تجعله الخيار الأفضل لك ولعائلتك. سواء للاستخدام اليومي أو للمناسبات الخاصة، فهو يلبي توقعاتك ويتجاوزها. احصل عليه الآن من أيرا ميني مارت واستمتع بتجربة شراء ممتعة وموثوقة. | J53: Show | K53: =IMAGE("https://cdn.store.link/products/ayiraminimart50505/w695ix-vimto%20fruit%20flavoured%20drink%20250%20ml.png?versionId=kPFvrrP_Koa4NFGuLMMphx96DD5myNyl")
A54: Vimto Strawberry Fruit Flavoured Drink 250ml – مشروب فاكهة فيمتو بنكهة الفراولة 250 مل | B54: Juices & Fruit Drinks – العصائر ومشروبات الفاكهة | C54: 2 | D54: اكتشف Vimto Strawberry Fruit Flavoured Drink 250ml – مشروب فاكهة فيمتو بنكهة الفراولة 250 مل، المنتج المميز الذي يجمع بين الجودة العالية والقيمة الرائعة. مصنوع وفق أعلى معايير الجودة والسلامة لضمان رضاك التام في كل مرة. يتميز بمواصفاته الممتازة التي تجعله الخيار الأفضل لك ولعائلتك. سواء للاستخدام اليومي أو للمناسبات الخاصة، فهو يلبي توقعاتك ويتجاوزها. احصل عليه الآن من أيرا ميني مارت واستمتع بتجربة شراء ممتعة وموثوقة. | J54: Show | K54: =IMAGE("https://cdn.store.link/products/ayiraminimart50505/w695ix-vimto%20fruit%20flavoured%20drink%20250%20ml.png?versionId=kPFvrrP_Koa4NFGuLMMphx96DD5myNyl")
A55: Best Apple Drink 250ml – مشروب التفاح بست 250 مل | B55: Juices & Fruit Drinks – العصائر ومشروبات الفاكهة | C55: 2 | D55: اكتشف Best Apple Drink 250ml – مشروب التفاح بست 250 مل، المنتج المميز الذي يجمع بين الجودة العالية والقيمة الرائعة. مصنوع وفق أعلى معايير الجودة والسلامة لضمان رضاك التام في كل مرة. يتميز بمواصفاته الممتازة التي تجعله الخيار الأفضل لك ولعائلتك. سواء للاستخدام اليومي أو للمناسبات الخاصة، فهو يلبي توقعاتك ويتجاوزها. احصل عليه الآن من أيرا ميني مارت واستمتع بتجربة شراء ممتعة وموثوقة. | J55: Hide | K55: =IMAGE("https://cdn.store.link/products/ayiraminimart50505/h8t-mn-best%20apple%20drink%20250ml%20%E2%80%93.png?versionId=9sVms3n6_25FlzlA8PnUfnbDZTNxpf9J")
A56: Pran Frooto Mango Juice 200ml – عصير مانجو بران فروتو 200 مل | B56: Juices & Fruit Drinks – العصائر ومشروبات الفاكهة | C56: 1 | D56: احرص على صحتك مع Pran Frooto Mango Juice 200ml – عصير مانجو بران فروتو 200 مل، العصير الطازج الغني بالفيتامينات والمعادن الضرورية لصحة جسمك. مصنوع من أجود الفواكه المختارة بعناية لتمنحك طعماً رائعاً وفائدة غذائية عالية. يمنحك الطاقة الطبيعية ويعزز جهازك المناعي بفضل محتواه الغني. مثالي للإفطار اليومي أو كمشروب صحي في أي وقت. اطلبه الآن من أيرا ميني مارت واستمتع بكل قطرة من هذا العصير اللذيذ والمفيد. | J56: Show | K56: =IMAGE("https://cdn.store.link/products/ayiraminimart50505/kykisu-pran%20frooto%20mango%20juice%20200ml%20%E2%80%93.png?versionId=y4JjOW2gpNqk7RES.OoLYVQCnphX7Q0k")
A57: Capri-Sun Mixed Fruit 200ml – كابري صن فواكه مشكلة 200 مل | B57: Juices & Fruit Drinks – العصائر ومشروبات الفاكهة | C57: 2.5 | D57: اكتشف Capri-Sun Mixed Fruit 200ml – كابري صن فواكه مشكلة 200 مل، المنتج المميز الذي يجمع بين الجودة العالية والقيمة الرائعة. مصنوع وفق أعلى معايير الجودة والسلامة لضمان رضاك التام في كل مرة. يتميز بمواصفاته الممتازة التي تجعله الخيار الأفضل لك ولعائلتك. سواء للاستخدام اليومي أو للمناسبات الخاصة، فهو يلبي توقعاتك ويتجاوزها. احصل عليه الآن من أيرا ميني مارت واستمتع بتجربة شراء ممتعة وموثوقة. | J57: Show | K57: =IMAGE("https://cdn.store.link/products/ayiraminimart50505/-1gz0l-capri-sun%20mixed%20fruit%20200%20ml.png?versionId=pNBY6EXZonR2X5ALx5cah5aCOckftzvG")
A58: Capri-Sun Mango 200ml – كابري صن مانجو 200 مل | B58: Juices & Fruit Drinks – العصائر ومشروبات الفاكهة | C58: 2.5 | D58: اكتشف Capri-Sun Mango 200ml – كابري صن مانجو 200 مل، المنتج المميز الذي يجمع بين الجودة العالية والقيمة الرائعة. مصنوع وفق أعلى معايير الجودة والسلامة لضمان رضاك التام في كل مرة. يتميز بمواصفاته الممتازة التي تجعله الخيار الأفضل لك ولعائلتك. سواء للاستخدام اليومي أو للمناسبات الخاصة، فهو يلبي توقعاتك ويتجاوزها. احصل عليه الآن من أيرا ميني مارت واستمتع بتجربة شراء ممتعة وموثوقة. | J58: Show | K58: =IMAGE("https://cdn.store.link/products/ayiraminimart50505/8dpgoa-capri-sun%20mango%20200%20ml.png?versionId=iFpLRg8rt8jLGka7XlkK_FuqlooPsVYZ")
A59: Vitamilk Strawberry 300ml – فيتاميلك بنكهة الفراولة 300 مل | B59: Juices & Fruit Drinks – العصائر ومشروبات الفاكهة | C59: 5 | D59: اكتشف Vitamilk Strawberry 300ml – فيتاميلك بنكهة الفراولة 300 مل، المنتج المميز الذي يجمع بين الجودة العالية والقيمة الرائعة. مصنوع وفق أعلى معايير الجودة والسلامة لضمان رضاك التام في كل مرة. يتميز بمواصفاته الممتازة التي تجعله الخيار الأفضل لك ولعائلتك. سواء للاستخدام اليومي أو للمناسبات الخاصة، فهو يلبي توقعاتك ويتجاوزها. احصل عليه الآن من أيرا ميني مارت واستمتع بتجربة شراء ممتعة وموثوقة. | J59: Show | K59: =IMAGE("https://cdn.store.link/products/ayiraminimart50505/kan9km-vitamilk%20strawberry%20300%20ml.png?versionId=bXNXx6c5D1VlWsxbI6jvQ.8Uj0qbFgub")
A60: Vitamilk Double Choco Shake 300 ml فيتامينلك دبل شوكو شيك بحجم 300 مل | B60: Juices & Fruit Drinks – العصائر ومشروبات الفاكهة | C60: 5 | D60: اكتشف Vitamilk Double Choco Shake 300 ml فيتامينلك دبل شوكو شيك بحجم 300 مل، المنتج المميز الذي يجمع بين الجودة العالية والقيمة الرائعة. مصنوع وفق أعلى معايير الجودة والسلامة لضمان رضاك التام في كل مرة. يتميز بمواصفاته الممتازة التي تجعله الخيار الأفضل لك ولعائلتك. سواء للاستخدام اليومي أو للمناسبات الخاصة، فهو يلبي توقعاتك ويتجاوزها. احصل عليه الآن من أيرا ميني مارت واستمتع بتجربة شراء ممتعة وموثوقة. | J60: Show | K60: =IMAGE("https://cdn.store.link/products/ayiraminimart50505/z654t0-vitamilk%20double%20choco%20shake%20300%20ml.png?versionId=7eWVsNj_nSr1KZm40afk1JAk30VwQt5d")
A61: Vitamilk Energy 300 ml فيتامينلك إنرجي بحجم 300 مل | B61: Juices & Fruit Drinks – العصائر ومشروبات الفاكهة | C61: 5 | D61: اكتشف Vitamilk Energy 300 ml فيتامينلك إنرجي بحجم 300 مل، المنتج المميز الذي يجمع بين الجودة العالية والقيمة الرائعة. مصنوع وفق أعلى معايير الجودة والسلامة لضمان رضاك التام في كل مرة. يتميز بمواصفاته الممتازة التي تجعله الخيار الأفضل لك ولعائلتك. سواء للاستخدام اليومي أو للمناسبات الخاصة، فهو يلبي توقعاتك ويتجاوزها. احصل عليه الآن من أيرا ميني مارت واستمتع بتجربة شراء ممتعة وموثوقة. | J61: Show | K61: =IMAGE("https://cdn.store.link/products/ayiraminimart50505/238ig6-vitamilk%20energy%20300%20ml.png?versionId=_I1feuWPDk4Li4ERmSar95VYyU4gqouz")
A62: Double Up Orange 1 Litre دبل أب برتقال سعة 1 لتر | B62: Carbonated Soft Drinks – المشروبات الغازية | C62: 3.5 | D62: استمتع بـ دبل أب، المشروب الغازي المنعش الذي يمنحك طاقة وحيوية في كل قطرة. يتميز بطعمه الرائع وتركيبته المميزة التي تجعله الخيار الأمثل لإرواء ظمأك في أي وقت. مثالي للحفلات والتجمعات العائلية والمناسبات المختلفة. يحتوي على نكهات متميزة تجعل كل رشفة تجربة لا تُنسى. احصل عليه الآن من أيرا ميني مارت بأفضل الأسعار وأعلى جودة. مشروبنا المميز يوفر لك الانتعاش الفوري ويلبي ذوقك الرفيع في كل لحظة تحتاج فيها إلى الترطيب. | J62: Show | K62: =IMAGE("https://cdn.store.link/products/ayiraminimart50505/xyeceh-double%20up%20orange%201%20litre.png?versionId=r2C8.KRY5XwY_IuGOng9XQoy0oC39Ikb")
A63: Double Up Soda Water 500 ml مياه صودا دبل أب بحجم 500 مل | B63: Carbonated Soft Drinks – المشروبات الغازية | C63: 1.5 | D63: اشرب دبل أب، المياه النقية التي تعيد لجسمك توازنه الطبيعي. مستخرجة من أنقى المصادر الطبيعية ومعبأة بأعلى معايير الجودة والنظافة لضمان وصولها إليك بأفضل حالة. الترطيب الصحي أساس الحياة الجيدة، واختيارك لهذه المياه يعكس اهتمامك بصحتك. احرص على شرب كميات كافية يومياً للحفاظ على نشاطك وحيويتك. توفر لك أيرا ميني مارت هذه المياه الممتازة بأسعار تنافسية. | J63: Show | K63: =IMAGE("https://cdn.store.link/products/ayiraminimart50505/96puqb-double%20up%20soda%20water%20500%20ml.png?versionId=bQYT2PuMrs1ZiUTw1enA_OF24k47Se4J")
A64: High Speed Drink 250 ml مشروب هاي سبيد بحجم 250 مل | B64: Carbonated Soft Drinks – المشروبات الغازية | C64: 3 | D64: اكتشف High Speed Drink 250 ml مشروب هاي سبيد بحجم 250 مل، المنتج المميز الذي يجمع بين الجودة العالية والقيمة الرائعة. مصنوع وفق أعلى معايير الجودة والسلامة لضمان رضاك التام في كل مرة. يتميز بمواصفاته الممتازة التي تجعله الخيار الأفضل لك ولعائلتك. سواء للاستخدام اليومي أو للمناسبات الخاصة، فهو يلبي توقعاتك ويتجاوزها. احصل عليه الآن من أيرا ميني مارت واستمتع بتجربة شراء ممتعة وموثوقة. | J64: Show | K64: =IMAGE("https://cdn.store.link/products/ayiraminimart50505/acf711-high%20speed%20drink%20250%20ml.png?versionId=nmsDBHExw15xGeRsLKzS_VYtFnqecmv_")
A65: Double Up Orange 200 ml دبل أب برتقال بحجم 200 مل | B65: Carbonated Soft Drinks – المشروبات الغازية | C65: 1.5 | D65: استمتع بـ دبل أب، المشروب الغازي المنعش الذي يمنحك طاقة وحيوية في كل قطرة. يتميز بطعمه الرائع وتركيبته المميزة التي تجعله الخيار الأمثل لإرواء ظمأك في أي وقت. مثالي للحفلات والتجمعات العائلية والمناسبات المختلفة. يحتوي على نكهات متميزة تجعل كل رشفة تجربة لا تُنسى. احصل عليه الآن من أيرا ميني مارت بأفضل الأسعار وأعلى جودة. مشروبنا المميز يوفر لك الانتعاش الفوري ويلبي ذوقك الرفيع في كل لحظة تحتاج فيها إلى الترطيب. | J65: Show | K65: =IMAGE("https://cdn.store.link/products/ayiraminimart50505/9oqjsp-double%20up%20orange%20200%20ml.png?versionId=ubXu7Is0IWqBRUiD86g1jWMszzlZ9l72")
A66: Double Up Red Berries 200 ml دبل أب توت أحمر بحجم 200 مل | B66: Carbonated Soft Drinks – المشروبات الغازية | C66: 1.5 | D66: استمتع بـ دبل أب، المشروب الغازي المنعش الذي يمنحك طاقة وحيوية في كل قطرة. يتميز بطعمه الرائع وتركيبته المميزة التي تجعله الخيار الأمثل لإرواء ظمأك في أي وقت. مثالي للحفلات والتجمعات العائلية والمناسبات المختلفة. يحتوي على نكهات متميزة تجعل كل رشفة تجربة لا تُنسى. احصل عليه الآن من أيرا ميني مارت بأفضل الأسعار وأعلى جودة. مشروبنا المميز يوفر لك الانتعاش الفوري ويلبي ذوقك الرفيع في كل لحظة تحتاج فيها إلى الترطيب. | J66: Out of Stock | K66: =IMAGE("https://cdn.store.link/products/ayiraminimart50505/oiq21g-double%20up%20red%20berries%20200%20ml.png?versionId=lL6LeNArjMJdwFF6hzcOFMbozVMrXJHE")
A67: Pran Litchi Drink 250 ml مشروب الليتشي من بران بحجم 250 مل | B67: Juices & Fruit Drinks – العصائر ومشروبات الفاكهة | C67: 1 | D67: اكتشف Pran Litchi Drink 250 ml مشروب الليتشي من بران بحجم 250 مل، المنتج المميز الذي يجمع بين الجودة العالية والقيمة الرائعة. مصنوع وفق أعلى معايير الجودة والسلامة لضمان رضاك التام في كل مرة. يتميز بمواصفاته الممتازة التي تجعله الخيار الأفضل لك ولعائلتك. سواء للاستخدام اليومي أو للمناسبات الخاصة، فهو يلبي توقعاتك ويتجاوزها. احصل عليه الآن من أيرا ميني مارت واستمتع بتجربة شراء ممتعة وموثوقة. | J67: Show | K67: =IMAGE("https://cdn.store.link/products/ayiraminimart50505/ay997b-pran%20litchi%20drink%20250%20ml.png?versionId=96elvgGoC8xMCUNn1bO755YspBp4CbdF")
A68: Shami Strawberry Drink 200 ml مشروب الفراولة شامي بحجم 200 مل | B68: Juices & Fruit Drinks – العصائر ومشروبات الفاكهة | C68: 2.5 | D68: اكتشف Shami Strawberry Drink 200 ml مشروب الفراولة شامي بحجم 200 مل، المنتج المميز الذي يجمع بين الجودة العالية والقيمة الرائعة. مصنوع وفق أعلى معايير الجودة والسلامة لضمان رضاك التام في كل مرة. يتميز بمواصفاته الممتازة التي تجعله الخيار الأفضل لك ولعائلتك. سواء للاستخدام اليومي أو للمناسبات الخاصة، فهو يلبي توقعاتك ويتجاوزها. احصل عليه الآن من أيرا ميني مارت واستمتع بتجربة شراء ممتعة وموثوقة. | J68: Show | K68: =IMAGE("https://cdn.store.link/products/ayiraminimart50505/x47tsw-shami%20strawberry%20drink%20200%20ml.png?versionId=CR_Yt7MXAGCeAV2yLRf.FVzdJB63hdkn")
A69: Al Rabie Original Orange Drink 200ml – الربيع أصلي برتقال مشروب 200 مل | B69: Juices & Fruit Drinks – العصائر ومشروبات الفاكهة | C69: 2 | D69: اكتشف Al Rabie Original Orange Drink 200ml، المنتج المميز الذي يجمع بين الجودة العالية والقيمة الرائعة. مصنوع وفق أعلى معايير الجودة والسلامة لضمان رضاك التام في كل مرة. يتميز بمواصفاته الممتازة التي تجعله الخيار الأفضل لك ولعائلتك. سواء للاستخدام اليومي أو للمناسبات الخاصة، فهو يلبي توقعاتك ويتجاوزها. احصل عليه الآن من أيرا ميني مارت واستمتع بتجربة شراء ممتعة وموثوقة. | J69: Show | K69: =IMAGE("https://cdn.store.link/products/ayiraminimart50505/kilm9o-al%20rabie%20original%20orange%20drink%20200%20ml.png?versionId=o0Ilj9yIySG20HNUiDFYQ6dTyiHVeKVO")
A70: Al Rabie Original Orange Drink 250ml – الربيع أصلي برتقال مشروب 250 مل | B70: Juices & Fruit Drinks – العصائر ومشروبات الفاكهة | C70: 2 | D70: اكتشف Al Rabie Original Orange Drink 250ml، المنتج المميز الذي يجمع بين الجودة العالية والقيمة الرائعة. مصنوع وفق أعلى معايير الجودة والسلامة لضمان رضاك التام في كل مرة. يتميز بمواصفاته الممتازة التي تجعله الخيار الأفضل لك ولعائلتك. سواء للاستخدام اليومي أو للمناسبات الخاصة، فهو يلبي توقعاتك ويتجاوزها. احصل عليه الآن من أيرا ميني مارت واستمتع بتجربة شراء ممتعة وموثوقة. | J70: Show | K70: =IMAGE("https://cdn.store.link/products/ayiraminimart50505/nzs-nd-al%20rabie%20original%20orange%20drink%20250%20ml.png?versionId=cFXc2Zrb71alg5a3yw8rYrIwmg_CS132")
A71: Royal Tiger Energy Drink 250ml – Royal Tiger مشروب الطاقة 250 مل | B71: Carbonated Soft Drinks – المشروبات الغازية | C71: 3 | D71: اشحن طاقتك مع Royal Tiger Energy Drink 250ml، مشروب الطاقة المفضل لدى الرياضيين والمحترفين. يمنحك التركيز والنشاط اللازمين لمواجهة تحديات اليوم بكفاءة عالية. بتركيبة فريدة من الكافيين والفيتامينات والأحماض الأمينية، يساعدك على الأداء بأقصى طاقتك. مثالي قبل التمرين الرياضي أو خلال ساعات العمل الطويلة. اكتشف الفرق مع كل رشفة وعش تجربة طاقة لا مثيل لها. متاح الآن في أيرا ميني مارت بسعر مناسب وجودة مضمونة. | J71: Show | K71: =IMAGE("https://cdn.store.link/products/ayiraminimart50505/8blawi-royal%20tiger%20250%20ml.png?versionId=CdyTRRUf_y7cR4EQimafPhF56qj2g8m5")
A72: Power X Carbonated Drink 250ml – Power X Carbonated مشروب 250 مل | B72: Carbonated Soft Drinks – المشروبات الغازية | C72: 2.5 | D72: استمتع بـ Power X Carbonated Drink 250ml، المشروب الغازي المنعش الذي يمنحك طاقة وحيوية في كل قطرة. يتميز بطعمه الرائع وتركيبته المميزة التي تجعله الخيار الأمثل لإرواء ظمأك في أي وقت. مثالي للحفلات والتجمعات العائلية والمناسبات المختلفة. يحتوي على نكهات متميزة تجعل كل رشفة تجربة لا تُنسى. احصل عليه الآن من أيرا ميني مارت بأفضل الأسعار وأعلى جودة. مشروبنا المميز يوفر لك الانتعاش الفوري ويلبي ذوقك الرفيع في كل لحظة تحتاج فيها إلى الترطيب. | J72: Show | K72: =IMAGE("https://cdn.store.link/products/ayiraminimart50505/o52vlb-power%20x%20carbonated%20drink%20250%20ml.png?versionId=42owz_DnGwHKLO1oSboSGkHEthA7Ezvl")
A73: Pran Frooto Mango Juice 500ml – Pran Frooto مانجو عصير 500 مل | B73: Juices & Fruit Drinks – العصائر ومشروبات الفاكهة | C73: 3 | D73: احرص على صحتك مع Pran Frooto Mango Juice 500ml، العصير الطازج الغني بالفيتامينات والمعادن الضرورية لصحة جسمك. مصنوع من أجود الفواكه المختارة بعناية لتمنحك طعماً رائعاً وفائدة غذائية عالية. يمنحك الطاقة الطبيعية ويعزز جهازك المناعي بفضل محتواه الغني. مثالي للإفطار اليومي أو كمشروب صحي في أي وقت. اطلبه الآن من أيرا ميني مارت واستمتع بكل قطرة من هذا العصير اللذيذ والمفيد. | J73: Show | K73: =IMAGE("https://cdn.store.link/products/ayiraminimart50505/3zdtea-pran%20frooto%20mango%20juice%20500%20ml.png?versionId=s5wS4K235FrKVU6DpQ4bcqZMCMnUbVzp")
A74: Double Up Cola 1 Litre – دبل أب Cola 1 Litre | B74: Carbonated Soft Drinks – المشروبات الغازية | C74: 3.5 | D74: استمتع بـ دبل أب، المشروب الغازي المنعش الذي يمنحك طاقة وحيوية في كل قطرة. يتميز بطعمه الرائع وتركيبته المميزة التي تجعله الخيار الأمثل لإرواء ظمأك في أي وقت. مثالي للحفلات والتجمعات العائلية والمناسبات المختلفة. يحتوي على نكهات متميزة تجعل كل رشفة تجربة لا تُنسى. احصل عليه الآن من أيرا ميني مارت بأفضل الأسعار وأعلى جودة. مشروبنا المميز يوفر لك الانتعاش الفوري ويلبي ذوقك الرفيع في كل لحظة تحتاج فيها إلى الترطيب. | J74: Show | K74: =IMAGE("https://cdn.store.link/products/ayiraminimart50505/cfwxpg-double%20up%20cola%201%20litre.png?versionId=Q.Wncj9Mg.DI3iUgwjN3WGWR2HGkmwfQ")
A75: Fruitoo Original Taste Berries Mixed Flavour 1 Litre – Fruitoo أصلي Taste Berries مشكل Flavour 1 Litre | B75: Juices & Fruit Drinks – العصائر ومشروبات الفاكهة | C75: 8 | D75: اكتشف Fruitoo Original Taste Berries Mixed Flavour 1 Litre، المنتج المميز الذي يجمع بين الجودة العالية والقيمة الرائعة. مصنوع وفق أعلى معايير الجودة والسلامة لضمان رضاك التام في كل مرة. يتميز بمواصفاته الممتازة التي تجعله الخيار الأفضل لك ولعائلتك. سواء للاستخدام اليومي أو للمناسبات الخاصة، فهو يلبي توقعاتك ويتجاوزها. احصل عليه الآن من أيرا ميني مارت واستمتع بتجربة شراء ممتعة وموثوقة. | J75: Show | K75: =IMAGE("https://cdn.store.link/products/ayiraminimart50505/izlmj0-fruitoo%20original%20taste%20berries%20mixed%20flavour%201%20litre.png?versionId=j2iJShddNhexv41nGv3YxY5X.wi8lKun")
A76: Oshee Isotonic Drink 750ml – Oshee Isotonic مشروب 750 مل | B76: Energy & Sports Drinks – مشروبات الطاقة والرياضة | C76: 7 | D76: اكتشف Oshee Isotonic Drink 750ml، المنتج المميز الذي يجمع بين الجودة العالية والقيمة الرائعة. مصنوع وفق أعلى معايير الجودة والسلامة لضمان رضاك التام في كل مرة. يتميز بمواصفاته الممتازة التي تجعله الخيار الأفضل لك ولعائلتك. سواء للاستخدام اليومي أو للمناسبات الخاصة، فهو يلبي توقعاتك ويتجاوزها. احصل عليه الآن من أيرا ميني مارت واستمتع بتجربة شراء ممتعة وموثوقة. | J76: Show | K76: =IMAGE("https://cdn.store.link/products/ayiraminimart50505/svy6ue-oshee%20___%20750%20ml.png?versionId=pvD_XAzumtuwR.0YZtwjkxWFdDKp8bG9")
A77: Pran Frooto Mango Juice 1 Litre – Pran Frooto مانجو عصير 1 Litre | B77: Juices & Fruit Drinks – العصائر ومشروبات الفاكهة | C77: 5 | D77: احرص على صحتك مع Pran Frooto Mango Juice 1 Litre، العصير الطازج الغني بالفيتامينات والمعادن الضرورية لصحة جسمك. مصنوع من أجود الفواكه المختارة بعناية لتمنحك طعماً رائعاً وفائدة غذائية عالية. يمنحك الطاقة الطبيعية ويعزز جهازك المناعي بفضل محتواه الغني. مثالي للإفطار اليومي أو كمشروب صحي في أي وقت. اطلبه الآن من أيرا ميني مارت واستمتع بكل قطرة من هذا العصير اللذيذ والمفيد. | J77: Show | K77: =IMAGE("https://cdn.store.link/products/ayiraminimart50505/z5b1mb-pran%20frooto%20mango%20juice%201%20litre.png?versionId=.3lF7y_DuEW5OaoRYdC5DEu_Yu8kvVRp")
A78: Mizo Orange & Carrot Drink 1.35 Litre – Mizo برتقال & Carrot مشروب 1.35 Litre | B78: Juices & Fruit Drinks – العصائر ومشروبات الفاكهة | C78: 6 | D78: اكتشف Mizo Orange & Carrot Drink 1.35 Litre، المنتج المميز الذي يجمع بين الجودة العالية والقيمة الرائعة. مصنوع وفق أعلى معايير الجودة والسلامة لضمان رضاك التام في كل مرة. يتميز بمواصفاته الممتازة التي تجعله الخيار الأفضل لك ولعائلتك. سواء للاستخدام اليومي أو للمناسبات الخاصة، فهو يلبي توقعاتك ويتجاوزها. احصل عليه الآن من أيرا ميني مارت واستمتع بتجربة شراء ممتعة وموثوقة. | J78: Show | K78: =IMAGE("https://cdn.store.link/products/ayiraminimart50505/3zs8xw-mizo%20orange%20?versionId=j6C5PeB3YfOq2X.wiTsE6v5vrumwEWZJ")
A79: Extra Fizz 7UP Zero Sugar 330ml – Extra Fizz سفن أب زيرو سكر 330 مل | B79: Carbonated Soft Drinks – المشروبات الغازية | C79: 2.5 | D79: استمتع بـ إكسترا، المشروب الغازي المنعش الذي يمنحك طاقة وحيوية في كل قطرة. يتميز بطعمه الرائع وتركيبته المميزة التي تجعله الخيار الأمثل لإرواء ظمأك في أي وقت. مثالي للحفلات والتجمعات العائلية والمناسبات المختلفة. يحتوي على نكهات متميزة تجعل كل رشفة تجربة لا تُنسى. احصل عليه الآن من أيرا ميني مارت بأفضل الأسعار وأعلى جودة. مشروبنا المميز يوفر لك الانتعاش الفوري ويلبي ذوقك الرفيع في كل لحظة تحتاج فيها إلى الترطيب. | J79: Show | K79: =IMAGE("https://cdn.store.link/products/ayiraminimart50505/az090g-extra%20fizz%207up%20zero%20sugar%20330%20ml.png?versionId=UZ1KOVdOQh65XOWUTKKOht7lKvdFM9Av")
A80: Pepsi 330ml – بيبسي 330 مل | B80: Carbonated Soft Drinks – المشروبات الغازية | C80: 2.5 | D80: استمتع بـ بيبسي، المشروب الغازي المنعش الذي يمنحك طاقة وحيوية في كل قطرة. يتميز بطعمه الرائع وتركيبته المميزة التي تجعله الخيار الأمثل لإرواء ظمأك في أي وقت. مثالي للحفلات والتجمعات العائلية والمناسبات المختلفة. يحتوي على نكهات متميزة تجعل كل رشفة تجربة لا تُنسى. احصل عليه الآن من أيرا ميني مارت بأفضل الأسعار وأعلى جودة. مشروبنا المميز يوفر لك الانتعاش الفوري ويلبي ذوقك الرفيع في كل لحظة تحتاج فيها إلى الترطيب. | J80: Show | K80: =IMAGE("https://cdn.store.link/products/ayiraminimart50505/9uka1u-pepsi%20330%20ml.png?versionId=IYBDo6FFEzLcYNPTUnDhQkVvrFo0YMVA")
A81: Mirinda Orange 330ml – ميرندا برتقال 330 مل | B81: Carbonated Soft Drinks – المشروبات الغازية | C81: 2.5 | D81: استمتع بـ ميرندا، المشروب الغازي المنعش الذي يمنحك طاقة وحيوية في كل قطرة. يتميز بطعمه الرائع وتركيبته المميزة التي تجعله الخيار الأمثل لإرواء ظمأك في أي وقت. مثالي للحفلات والتجمعات العائلية والمناسبات المختلفة. يحتوي على نكهات متميزة تجعل كل رشفة تجربة لا تُنسى. احصل عليه الآن من أيرا ميني مارت بأفضل الأسعار وأعلى جودة. مشروبنا المميز يوفر لك الانتعاش الفوري ويلبي ذوقك الرفيع في كل لحظة تحتاج فيها إلى الترطيب. | J81: Show | K81: =IMAGE("https://cdn.store.link/products/ayiraminimart50505/6ypkn0-mirinda%20orange%20330%20ml.png?versionId=q_0xWSVHObubi3.0nfX1_o_bcG1OUWDM")
A82: Mirinda Strawberry 330ml – ميرندا فراولة 330 مل | B82: Carbonated Soft Drinks – المشروبات الغازية | C82: 2.5 | D82: استمتع بـ ميرندا، المشروب الغازي المنعش الذي يمنحك طاقة وحيوية في كل قطرة. يتميز بطعمه الرائع وتركيبته المميزة التي تجعله الخيار الأمثل لإرواء ظمأك في أي وقت. مثالي للحفلات والتجمعات العائلية والمناسبات المختلفة. يحتوي على نكهات متميزة تجعل كل رشفة تجربة لا تُنسى. احصل عليه الآن من أيرا ميني مارت بأفضل الأسعار وأعلى جودة. مشروبنا المميز يوفر لك الانتعاش الفوري ويلبي ذوقك الرفيع في كل لحظة تحتاج فيها إلى الترطيب. | J82: Show | K82: =IMAGE("https://cdn.store.link/products/ayiraminimart50505/lqg4tu-mirinda%20strawberry%20330%20ml.png?versionId=PIMea4OB3OkB1xddfgsxs8HaxV41pMn5")
A83: Mountain Dew 330ml – ماونتن ديو 330 مل | B83: Carbonated Soft Drinks – المشروبات الغازية | C83: 2.5 | D83: استمتع بـ ماونتن ديو، المشروب الغازي المنعش الذي يمنحك طاقة وحيوية في كل قطرة. يتميز بطعمه الرائع وتركيبته المميزة التي تجعله الخيار الأمثل لإرواء ظمأك في أي وقت. مثالي للحفلات والتجمعات العائلية والمناسبات المختلفة. يحتوي على نكهات متميزة تجعل كل رشفة تجربة لا تُنسى. احصل عليه الآن من أيرا ميني مارت بأفضل الأسعار وأعلى جودة. مشروبنا المميز يوفر لك الانتعاش الفوري ويلبي ذوقك الرفيع في كل لحظة تحتاج فيها إلى الترطيب. | J83: Show | K83: =IMAGE("https://cdn.store.link/products/ayiraminimart50505/vk-4xp-mountain%20dew%20330%20ml.png?versionId=Nt5eIDm5bsvwUKxb81ZaEKTDV5HXVHxY")
A84: Evervess Club Soda 330ml – Evervess Club Soda 330 مل | B84: Water – المياه | C84: 2 | D84: استمتع بـ Evervess Club Soda 330ml، المشروب الغازي المنعش الذي يمنحك طاقة وحيوية في كل قطرة. يتميز بطعمه الرائع وتركيبته المميزة التي تجعله الخيار الأمثل لإرواء ظمأك في أي وقت. مثالي للحفلات والتجمعات العائلية والمناسبات المختلفة. يحتوي على نكهات متميزة تجعل كل رشفة تجربة لا تُنسى. احصل عليه الآن من أيرا ميني مارت بأفضل الأسعار وأعلى جودة. مشروبنا المميز يوفر لك الانتعاش الفوري ويلبي ذوقك الرفيع في كل لحظة تحتاج فيها إلى الترطيب. | J84: Show | K84: =IMAGE("https://cdn.store.link/products/ayiraminimart50505/siu7jk-evervess%20club%20soda%20330%20ml.png?versionId=pPkyeG_u1LhWaUI09Ax1rbth673VLUoK")
A85: Pepsi Zero Sugar 330ml – بيبسي زيرو سكر 330 مل | B85: Carbonated Soft Drinks – المشروبات الغازية | C85: 2.5 | D85: استمتع بـ بيبسي، المشروب الغازي المنعش الذي يمنحك طاقة وحيوية في كل قطرة. يتميز بطعمه الرائع وتركيبته المميزة التي تجعله الخيار الأمثل لإرواء ظمأك في أي وقت. مثالي للحفلات والتجمعات العائلية والمناسبات المختلفة. يحتوي على نكهات متميزة تجعل كل رشفة تجربة لا تُنسى. احصل عليه الآن من أيرا ميني مارت بأفضل الأسعار وأعلى جودة. مشروبنا المميز يوفر لك الانتعاش الفوري ويلبي ذوقك الرفيع في كل لحظة تحتاج فيها إلى الترطيب. | J85: Show | K85: =IMAGE("https://cdn.store.link/products/ayiraminimart50505/ly5hth-pepsi%20zero%20sugar%20330%20ml.png?versionId=hkG4QE_lLRcYrtvuaELsiTz2k7AvI8mB")
A86: Shani Fruit Flavoured Drink 330ml – شاني Fruit Flavoured مشروب 330 مل | B86: Carbonated Soft Drinks – المشروبات الغازية | C86: 2.5 | D86: استمتع بـ شاني، المشروب الغازي المنعش الذي يمنحك طاقة وحيوية في كل قطرة. يتميز بطعمه الرائع وتركيبته المميزة التي تجعله الخيار الأمثل لإرواء ظمأك في أي وقت. مثالي للحفلات والتجمعات العائلية والمناسبات المختلفة. يحتوي على نكهات متميزة تجعل كل رشفة تجربة لا تُنسى. احصل عليه الآن من أيرا ميني مارت بأفضل الأسعار وأعلى جودة. مشروبنا المميز يوفر لك الانتعاش الفوري ويلبي ذوقك الرفيع في كل لحظة تحتاج فيها إلى الترطيب. | J86: Show | K86: =IMAGE("https://cdn.store.link/products/ayiraminimart50505/p8uneh-shani%20fruit%20flavoured%20drink%20330%20ml.png?versionId=WnteNPReqx_oViPverq_U1xUJzUpIEz6")
A87: Mountain Dew Zero Sugar 330ml – ماونتن ديو زيرو سكر 330 مل | B87: Carbonated Soft Drinks – المشروبات الغازية | C87: 2.5 | D87: استمتع بـ ماونتن ديو، المشروب الغازي المنعش الذي يمنحك طاقة وحيوية في كل قطرة. يتميز بطعمه الرائع وتركيبته المميزة التي تجعله الخيار الأمثل لإرواء ظمأك في أي وقت. مثالي للحفلات والتجمعات العائلية والمناسبات المختلفة. يحتوي على نكهات متميزة تجعل كل رشفة تجربة لا تُنسى. احصل عليه الآن من أيرا ميني مارت بأفضل الأسعار وأعلى جودة. مشروبنا المميز يوفر لك الانتعاش الفوري ويلبي ذوقك الرفيع في كل لحظة تحتاج فيها إلى الترطيب. | J87: Show | K87: =IMAGE("https://cdn.store.link/products/ayiraminimart50505/kdeqjf-mountain%20dew%20zero%20sugar%20330%20ml.png?versionId=B2h2_5In0Xa8Y7eP3XZ.gdmNSk_wWOLk")
A88: Extra Fizz 7UP Zero Sugar 330ml – Extra Fizz سفن أب زيرو سكر 330 مل | B88: Carbonated Soft Drinks – المشروبات الغازية | C88: 2.5 | D88: استمتع بـ إكسترا، المشروب الغازي المنعش الذي يمنحك طاقة وحيوية في كل قطرة. يتميز بطعمه الرائع وتركيبته المميزة التي تجعله الخيار الأمثل لإرواء ظمأك في أي وقت. مثالي للحفلات والتجمعات العائلية والمناسبات المختلفة. يحتوي على نكهات متميزة تجعل كل رشفة تجربة لا تُنسى. احصل عليه الآن من أيرا ميني مارت بأفضل الأسعار وأعلى جودة. مشروبنا المميز يوفر لك الانتعاش الفوري ويلبي ذوقك الرفيع في كل لحظة تحتاج فيها إلى الترطيب. | J88: Show | K88: =IMAGE("https://cdn.store.link/products/ayiraminimart50505/6gr5iy-extra%20fizz%207up%20zero%20sugar%20330%20ml.png?versionId=O5O9iBip8p6bkN5bzdkib61evSgIJ1Rl")
A89: Pepsi 330ml – بيبسي 330 مل | B89: Carbonated Soft Drinks – المشروبات الغازية | C89: 2 | D89: استمتع بـ بيبسي، المشروب الغازي المنعش الذي يمنحك طاقة وحيوية في كل قطرة. يتميز بطعمه الرائع وتركيبته المميزة التي تجعله الخيار الأمثل لإرواء ظمأك في أي وقت. مثالي للحفلات والتجمعات العائلية والمناسبات المختلفة. يحتوي على نكهات متميزة تجعل كل رشفة تجربة لا تُنسى. احصل عليه الآن من أيرا ميني مارت بأفضل الأسعار وأعلى جودة. مشروبنا المميز يوفر لك الانتعاش الفوري ويلبي ذوقك الرفيع في كل لحظة تحتاج فيها إلى الترطيب. | J89: Show
A90: Rayyan 40 Years Together 250ml – ريان 40 Years Together 250 مل | B90: Water – المياه | C90: 4.5 | D90: اشرب ريان، المياه النقية التي تعيد لجسمك توازنه الطبيعي. مستخرجة من أنقى المصادر الطبيعية ومعبأة بأعلى معايير الجودة والنظافة لضمان وصولها إليك بأفضل حالة. الترطيب الصحي أساس الحياة الجيدة، واختيارك لهذه المياه يعكس اهتمامك بصحتك. احرص على شرب كميات كافية يومياً للحفاظ على نشاطك وحيويتك. توفر لك أيرا ميني مارت هذه المياه الممتازة بأسعار تنافسية. | J90: Show | K90: =IMAGE("https://cdn.store.link/products/ayiraminimart50505/00-76b-rayyan%2040%20years%20together%20250%20ml.jpeg?versionId=Xxc7kGOnpjyH9_1pMcvSKMfohSFMfWxX")
A91: Perrier Natural Sparkling Water 200ml – Perrier طبيعي غازي مياه 200 مل | B91: Water – المياه | C91: 5 | D91: اشرب Perrier Natural Sparkling Water 200ml، المياه النقية التي تعيد لجسمك توازنه الطبيعي. مستخرجة من أنقى المصادر الطبيعية ومعبأة بأعلى معايير الجودة والنظافة لضمان وصولها إليك بأفضل حالة. الترطيب الصحي أساس الحياة الجيدة، واختيارك لهذه المياه يعكس اهتمامك بصحتك. احرص على شرب كميات كافية يومياً للحفاظ على نشاطك وحيويتك. توفر لك أيرا ميني مارت هذه المياه الممتازة بأسعار تنافسية. | J91: Show | K91: =IMAGE("https://cdn.store.link/products/ayiraminimart50505/f-oco5-perrier%20200%20ml.jpeg?versionId=_vqro4SEJejhN3_yEvJNQu3cnwWT1yxT")
A92: Barbican Strawberry Flavour 250ml – Barbican فراولة Flavour 250 مل | B92: Carbonated Soft Drinks – المشروبات الغازية | C92: 3 | D92: اكتشف Barbican Strawberry Flavour 250ml، المنتج المميز الذي يجمع بين الجودة العالية والقيمة الرائعة. مصنوع وفق أعلى معايير الجودة والسلامة لضمان رضاك التام في كل مرة. يتميز بمواصفاته الممتازة التي تجعله الخيار الأفضل لك ولعائلتك. سواء للاستخدام اليومي أو للمناسبات الخاصة، فهو يلبي توقعاتك ويتجاوزها. احصل عليه الآن من أيرا ميني مارت واستمتع بتجربة شراء ممتعة وموثوقة. | J92: Show | K92: =IMAGE("https://cdn.store.link/products/ayiraminimart50505/vv450n-barbican%20strawberry%20flavour%20250%20ml.jpeg?versionId=_R4BL3xDUrLQV_JzqV61.Ir8EM0ysENd")
A93: Barbican Pomegranate Flavour 250ml – Barbican Pomegranate Flavour 250 مل | B93: Carbonated Soft Drinks – المشروبات الغازية | C93: 4.5 | D93: اكتشف Barbican Pomegranate Flavour 250ml، المنتج المميز الذي يجمع بين الجودة العالية والقيمة الرائعة. مصنوع وفق أعلى معايير الجودة والسلامة لضمان رضاك التام في كل مرة. يتميز بمواصفاته الممتازة التي تجعله الخيار الأفضل لك ولعائلتك. سواء للاستخدام اليومي أو للمناسبات الخاصة، فهو يلبي توقعاتك ويتجاوزها. احصل عليه الآن من أيرا ميني مارت واستمتع بتجربة شراء ممتعة وموثوقة. | J93: Show | K93: =IMAGE("https://cdn.store.link/products/ayiraminimart50505/7gm0li-barbican%20pomegranate%20flavour%20330%20ml.png?versionId=JpQUAMor_aE4b48dw4xnPVL9jkxyuFAd")
A94: Barbican Apple Flavour 250ml – Barbican تفاح Flavour 250 مل | B94: Carbonated Soft Drinks – المشروبات الغازية | C94: 3 | D94: اكتشف Barbican Apple Flavour 250ml، المنتج المميز الذي يجمع بين الجودة العالية والقيمة الرائعة. مصنوع وفق أعلى معايير الجودة والسلامة لضمان رضاك التام في كل مرة. يتميز بمواصفاته الممتازة التي تجعله الخيار الأفضل لك ولعائلتك. سواء للاستخدام اليومي أو للمناسبات الخاصة، فهو يلبي توقعاتك ويتجاوزها. احصل عليه الآن من أيرا ميني مارت واستمتع بتجربة شراء ممتعة وموثوقة. | J94: Show | K94: =IMAGE("https://cdn.store.link/products/ayiraminimart50505/6v67jn-barbican%20apple%20flavour%20250%20ml.jpeg?versionId=bqtEUpxJmVaWX_1isLPxxVbbKKLJ4L78")
A95: Barbican Classic Malt 250ml – Barbican كلاسيك Malt 250 مل | B95: Carbonated Soft Drinks – المشروبات الغازية | C95: 3 | D95: اكتشف Barbican Classic Malt 250ml، المنتج المميز الذي يجمع بين الجودة العالية والقيمة الرائعة. مصنوع وفق أعلى معايير الجودة والسلامة لضمان رضاك التام في كل مرة. يتميز بمواصفاته الممتازة التي تجعله الخيار الأفضل لك ولعائلتك. سواء للاستخدام اليومي أو للمناسبات الخاصة، فهو يلبي توقعاتك ويتجاوزها. احصل عليه الآن من أيرا ميني مارت واستمتع بتجربة شراء ممتعة وموثوقة. | J95: Show | K95: =IMAGE("https://cdn.store.link/products/ayiraminimart50505/pfkcig-barbican%20classic%20malt%20250%20ml.jpeg?versionId=u1Av0L12WcNjrUco4W8.Mk7u.5iGmz4n")
A96: Double Cola 250ml – Double Cola 250 مل | B96: Carbonated Soft Drinks – المشروبات الغازية | C96: 2.5 | D96: استمتع بـ Double Cola 250ml، المشروب الغازي المنعش الذي يمنحك طاقة وحيوية في كل قطرة. يتميز بطعمه الرائع وتركيبته المميزة التي تجعله الخيار الأمثل لإرواء ظمأك في أي وقت. مثالي للحفلات والتجمعات العائلية والمناسبات المختلفة. يحتوي على نكهات متميزة تجعل كل رشفة تجربة لا تُنسى. احصل عليه الآن من أيرا ميني مارت بأفضل الأسعار وأعلى جودة. مشروبنا المميز يوفر لك الانتعاش الفوري ويلبي ذوقك الرفيع في كل لحظة تحتاج فيها إلى الترطيب. | J96: Show | K96: =IMAGE("https://cdn.store.link/products/ayiraminimart50505/rebix2-double%20cola%20250%20ml.jpeg?versionId=tS1TX23ART3qndZaTXkZcFiTQfJF9sCD")
A97: Flash Carbonated Soft Drink 250ml – Flash Carbonated Soft مشروب 250 مل | B97: Carbonated Soft Drinks – المشروبات الغازية | C97: 5 | D97: استمتع بـ Flash Carbonated Soft Drink 250ml، المشروب الغازي المنعش الذي يمنحك طاقة وحيوية في كل قطرة. يتميز بطعمه الرائع وتركيبته المميزة التي تجعله الخيار الأمثل لإرواء ظمأك في أي وقت. مثالي للحفلات والتجمعات العائلية والمناسبات المختلفة. يحتوي على نكهات متميزة تجعل كل رشفة تجربة لا تُنسى. احصل عليه الآن من أيرا ميني مارت بأفضل الأسعار وأعلى جودة. مشروبنا المميز يوفر لك الانتعاش الفوري ويلبي ذوقك الرفيع في كل لحظة تحتاج فيها إلى الترطيب. | J97: Show | K97: =IMAGE("https://cdn.store.link/products/ayiraminimart50505/dsvhve-flash%20carbonated%20soft%20drink%20250%20ml.png?versionId=OfPXNqFlkqAHa5Addbk6we0EH24BYl3J")
A98: Freez Mix Blue Hawaii Tropical Fruit Carbonated Drink 275ml – Freez Mix Blue Hawaii استوائي Fruit Carbonated مشروب 275 مل | B98: Carbonated Soft Drinks – المشروبات الغازية | C98: 5 | D98: استمتع بـ Freez Mix Blue Hawaii Tropical Fruit Carbonated Drink 275ml، المشروب الغازي المنعش الذي يمنحك طاقة وحيوية في كل قطرة. يتميز بطعمه الرائع وتركيبته المميزة التي تجعله الخيار الأمثل لإرواء ظمأك في أي وقت. مثالي للحفلات والتجمعات العائلية والمناسبات المختلفة. يحتوي على نكهات متميزة تجعل كل رشفة تجربة لا تُنسى. احصل عليه الآن من أيرا ميني مارت بأفضل الأسعار وأعلى جودة. مشروبنا المميز يوفر لك الانتعاش الفوري ويلبي ذوقك الرفيع في كل لحظة تحتاج فيها إلى الترطيب. | J98: Show | K98: =IMAGE("https://cdn.store.link/products/ayiraminimart50505/-xyvwh-freez%20mix%20carbonated%20flavored%20drink%20blue%20hawaii%20tropical%20fruit%20275%20ml.png?versionId=cdWz.6OWnG9ZP1DyNLY53zYFEMLq9.UI")
A99: Freez Mix Strawberry Carbonated Drink 275ml – Freez Mix فراولة Carbonated مشروب 275 مل | B99: Carbonated Soft Drinks – المشروبات الغازية | C99: 5 | D99: استمتع بـ Freez Mix Strawberry Carbonated Drink 275ml، المشروب الغازي المنعش الذي يمنحك طاقة وحيوية في كل قطرة. يتميز بطعمه الرائع وتركيبته المميزة التي تجعله الخيار الأمثل لإرواء ظمأك في أي وقت. مثالي للحفلات والتجمعات العائلية والمناسبات المختلفة. يحتوي على نكهات متميزة تجعل كل رشفة تجربة لا تُنسى. احصل عليه الآن من أيرا ميني مارت بأفضل الأسعار وأعلى جودة. مشروبنا المميز يوفر لك الانتعاش الفوري ويلبي ذوقك الرفيع في كل لحظة تحتاج فيها إلى الترطيب. | J99: Show | K99: =IMAGE("https://cdn.store.link/products/ayiraminimart50505/0tzmq7-freez%20mix%20carbonated%20flavored%20drink%20strawberry%20mix%20275%20ml.png?versionId=Oi597oHDLAtn8SFJo7vi72HAsbSlwkNF")
A100: Freez Mix Lemon & Mint Carbonated Drink 275ml – Freez Mix ليمون & نعناع Carbonated مشروب 275 مل | B100: Carbonated Soft Drinks – المشروبات الغازية | C100: 5 | D100: أضف لحظة حلوة إلى يومك مع Freez Mix Lemon & Mint Carbonated Drink 275ml، الحلوى اللذيذة المحبوبة من الجميع. بنكهاتها المتنوعة وألوانها الجذابة تجعلها مناسبة لجميع الأعمار. مثالية كمكافأة صغيرة أو هدية خفيفة للأصدقاء والعائلة. مصنوعة بجودة عالية لضمان طعم رائع في كل قطعة. احصل عليها من أيرا ميني مارت وانشر البهجة بين من تحب. | J100: Show | K100: =IMAGE("https://cdn.store.link/products/ayiraminimart50505/fxznbu-freez%20mix%20lemon%20?versionId=8fcdFw6iqCCjEq0LD00kUsLuFRjPGtro")
...

Sheet English Products
A1: Name | B1: Category | C1: Price | D1: Description | E1: Thumbnail | L1: Image1 | M1: Image2 | N1: Image2
A2: =IFERROR(__xludf.DUMMYFUNCTION("IF('AYIRA MINI MART FINAL MENU - Pr'!A2="""", """", IF(LEN(IFERROR(TRIM(REGEXREPLACE(TRIM(REGEXEXTRACT('AYIRA MINI MART FINAL MENU - Pr'!A2, ""^[^\x{0600}-\x{06FF}]+"")), ""[-–]+$"", """")), """"))>0, IFERROR(TRIM(REGEXREPLACE(TRIM(REGEXEXTRACT('AYIRA MIN"&"I MART FINAL MENU - Pr'!A2, ""^[^\x{0600}-\x{06FF}]+"")), ""[-–]+$"", """")), """"), GOOGLETRANSLATE('AYIRA MINI MART FINAL MENU - Pr'!A2, ""ar"", ""en"")))"),"Mountain Dew 2.25L") -> Mountain Dew 2.25L | B2: =IFERROR(__xludf.DUMMYFUNCTION("IF('AYIRA MINI MART FINAL MENU - Pr'!B2="""", """", IF(LEN(IFERROR(TRIM(REGEXREPLACE(TRIM(REGEXEXTRACT('AYIRA MINI MART FINAL MENU - Pr'!B2, ""^[^\x{0600}-\x{06FF}]+"")), ""[-–]+$"", """")), """"))>0, IFERROR(TRIM(REGEXREPLACE(TRIM(REGEXEXTRACT('AYIRA MIN"&"I MART FINAL MENU - Pr'!B2, ""^[^\x{0600}-\x{06FF}]+"")), ""[-–]+$"", """")), """"), GOOGLETRANSLATE('AYIRA MINI MART FINAL MENU - Pr'!B2, ""ar"", ""en"")))"),"Carbonated Soft Drinks") -> Carbonated Soft Drinks | C2: =IF('AYIRA MINI MART FINAL MENU - Pr'!C2="", "", 'AYIRA MINI MART FINAL MENU - Pr'!C2) -> 7.5 | D2: =IFERROR(__xludf.DUMMYFUNCTION("IF('AYIRA MINI MART FINAL MENU - Pr'!D2="""", """", GOOGLETRANSLATE('AYIRA MINI MART FINAL MENU - Pr'!D2, ""ar"", ""en""))"),"Enjoy Mountain Dew, the refreshing soft drink that gives you energy and vitality with every sip. Its great taste and unique formula make it the perfect choice to quench your thirst anytime. Ideal for parties, family gatherings, and various occasions. It b"&"oasts distinctive flavors that make every sip an unforgettable experience. Get it now from Aira Mini Mart at the best prices and highest quality. Our premium drink provides instant refreshment and satisfies your discerning palate whenever you need hydrati"&"on.") -> Enjoy Mountain Dew, the refreshing soft drink that gives you energy and vitality with every sip. Its great taste and unique formula make it the perfect choice to quench your thirst anytime. Ideal for parties, family gatherings, and various occasions. It boasts distinctive flavors that make every sip an unforgettable experience. Get it now from Aira Mini Mart at the best prices and highest quality. Our premium drink provides instant refreshment and satisfies your discerning palate whenever you need hydration. | E2: =IF('AYIRA MINI MART FINAL MENU - Pr'!K2="", "", 'AYIRA MINI MART FINAL MENU - Pr'!K2) | L2: =IF('AYIRA MINI MART FINAL MENU - Pr'!L2="", "", 'AYIRA MINI MART FINAL MENU - Pr'!L2) | M2: =IF('AYIRA MINI MART FINAL MENU - Pr'!M2="", "", 'AYIRA MINI MART FINAL MENU - Pr'!M2) | N2: =IF('AYIRA MINI MART FINAL MENU - Pr'!N2="", "", 'AYIRA MINI MART FINAL MENU - Pr'!N2)
A3: =IFERROR(__xludf.DUMMYFUNCTION("IF('AYIRA MINI MART FINAL MENU - Pr'!A3="""", """", IF(LEN(IFERROR(TRIM(REGEXREPLACE(TRIM(REGEXEXTRACT('AYIRA MINI MART FINAL MENU - Pr'!A3, ""^[^\x{0600}-\x{06FF}]+"")), ""[-–]+$"", """")), """"))>0, IFERROR(TRIM(REGEXREPLACE(TRIM(REGEXEXTRACT('AYIRA MIN"&"I MART FINAL MENU - Pr'!A3, ""^[^\x{0600}-\x{06FF}]+"")), ""[-–]+$"", """")), """"), GOOGLETRANSLATE('AYIRA MINI MART FINAL MENU - Pr'!A3, ""ar"", ""en"")))"),"Pepsi 1.25L") -> Pepsi 1.25L | B3: =IFERROR(__xludf.DUMMYFUNCTION("IF('AYIRA MINI MART FINAL MENU - Pr'!B3="""", """", IF(LEN(IFERROR(TRIM(REGEXREPLACE(TRIM(REGEXEXTRACT('AYIRA MINI MART FINAL MENU - Pr'!B3, ""^[^\x{0600}-\x{06FF}]+"")), ""[-–]+$"", """")), """"))>0, IFERROR(TRIM(REGEXREPLACE(TRIM(REGEXEXTRACT('AYIRA MIN"&"I MART FINAL MENU - Pr'!B3, ""^[^\x{0600}-\x{06FF}]+"")), ""[-–]+$"", """")), """"), GOOGLETRANSLATE('AYIRA MINI MART FINAL MENU - Pr'!B3, ""ar"", ""en"")))"),"Carbonated Soft Drinks") -> Carbonated Soft Drinks | C3: =IF('AYIRA MINI MART FINAL MENU - Pr'!C3="", "", 'AYIRA MINI MART FINAL MENU - Pr'!C3) -> 4.5 | D3: =IFERROR(__xludf.DUMMYFUNCTION("IF('AYIRA MINI MART FINAL MENU - Pr'!D3="""", """", GOOGLETRANSLATE('AYIRA MINI MART FINAL MENU - Pr'!D3, ""ar"", ""en""))"),"Enjoy Pepsi, the refreshing soft drink that gives you energy and vitality with every drop. Its great taste and unique formula make it the perfect choice to quench your thirst anytime. Ideal for parties, family gatherings, and various occasions. It contain"&"s distinctive flavors that make every sip an unforgettable experience. Get it now from Aira Mini Mart at the best prices and highest quality. Our premium drink provides you with instant refreshment and satisfies your discerning taste whenever you need hyd"&"ration.") -> Enjoy Pepsi, the refreshing soft drink that gives you energy and vitality with every drop. Its great taste and unique formula make it the perfect choice to quench your thirst anytime. Ideal for parties, family gatherings, and various occasions. It contains distinctive flavors that make every sip an unforgettable experience. Get it now from Aira Mini Mart at the best prices and highest quality. Our premium drink provides you with instant refreshment and satisfies your discerning taste whenever you need hydration. | E3: =IF('AYIRA MINI MART FINAL MENU - Pr'!K3="", "", 'AYIRA MINI MART FINAL MENU - Pr'!K3) | L3: =IF('AYIRA MINI MART FINAL MENU - Pr'!L3="", "", 'AYIRA MINI MART FINAL MENU - Pr'!L3) | M3: =IF('AYIRA MINI MART FINAL MENU - Pr'!M3="", "", 'AYIRA MINI MART FINAL MENU - Pr'!M3) | N3: =IF('AYIRA MINI MART FINAL MENU - Pr'!N3="", "", 'AYIRA MINI MART FINAL MENU - Pr'!N3)
A4: =IFERROR(__xludf.DUMMYFUNCTION("IF('AYIRA MINI MART FINAL MENU - Pr'!A4="""", """", IF(LEN(IFERROR(TRIM(REGEXREPLACE(TRIM(REGEXEXTRACT('AYIRA MINI MART FINAL MENU - Pr'!A4, ""^[^\x{0600}-\x{06FF}]+"")), ""[-–]+$"", """")), """"))>0, IFERROR(TRIM(REGEXREPLACE(TRIM(REGEXEXTRACT('AYIRA MIN"&"I MART FINAL MENU - Pr'!A4, ""^[^\x{0600}-\x{06FF}]+"")), ""[-–]+$"", """")), """"), GOOGLETRANSLATE('AYIRA MINI MART FINAL MENU - Pr'!A4, ""ar"", ""en"")))"),"Mountain Dew 1.25L") -> Mountain Dew 1.25L | B4: =IFERROR(__xludf.DUMMYFUNCTION("IF('AYIRA MINI MART FINAL MENU - Pr'!B4="""", """", IF(LEN(IFERROR(TRIM(REGEXREPLACE(TRIM(REGEXEXTRACT('AYIRA MINI MART FINAL MENU - Pr'!B4, ""^[^\x{0600}-\x{06FF}]+"")), ""[-–]+$"", """")), """"))>0, IFERROR(TRIM(REGEXREPLACE(TRIM(REGEXEXTRACT('AYIRA MIN"&"I MART FINAL MENU - Pr'!B4, ""^[^\x{0600}-\x{06FF}]+"")), ""[-–]+$"", """")), """"), GOOGLETRANSLATE('AYIRA MINI MART FINAL MENU - Pr'!B4, ""ar"", ""en"")))"),"Carbonated Soft Drinks") -> Carbonated Soft Drinks | C4: =IF('AYIRA MINI MART FINAL MENU - Pr'!C4="", "", 'AYIRA MINI MART FINAL MENU - Pr'!C4) -> 4.5 | D4: =IFERROR(__xludf.DUMMYFUNCTION("IF('AYIRA MINI MART FINAL MENU - Pr'!D4="""", """", GOOGLETRANSLATE('AYIRA MINI MART FINAL MENU - Pr'!D4, ""ar"", ""en""))"),"Enjoy Mountain Dew, the refreshing soft drink that gives you energy and vitality with every sip. Its great taste and unique formula make it the perfect choice to quench your thirst anytime. Ideal for parties, family gatherings, and various occasions. It b"&"oasts distinctive flavors that make every sip an unforgettable experience. Get it now from Aira Mini Mart at the best prices and highest quality. Our premium drink provides instant refreshment and satisfies your discerning palate whenever you need hydrati"&"on.") -> Enjoy Mountain Dew, the refreshing soft drink that gives you energy and vitality with every sip. Its great taste and unique formula make it the perfect choice to quench your thirst anytime. Ideal for parties, family gatherings, and various occasions. It boasts distinctive flavors that make every sip an unforgettable experience. Get it now from Aira Mini Mart at the best prices and highest quality. Our premium drink provides instant refreshment and satisfies your discerning palate whenever you need hydration. | E4: =IF('AYIRA MINI MART FINAL MENU - Pr'!K4="", "", 'AYIRA MINI MART FINAL MENU - Pr'!K4) | L4: =IF('AYIRA MINI MART FINAL MENU - Pr'!L4="", "", 'AYIRA MINI MART FINAL MENU - Pr'!L4) | M4: =IF('AYIRA MINI MART FINAL MENU - Pr'!M4="", "", 'AYIRA MINI MART FINAL MENU - Pr'!M4) | N4: =IF('AYIRA MINI MART FINAL MENU - Pr'!N4="", "", 'AYIRA MINI MART FINAL MENU - Pr'!N4)
A5: =IFERROR(__xludf.DUMMYFUNCTION("IF('AYIRA MINI MART FINAL MENU - Pr'!A5="""", """", IF(LEN(IFERROR(TRIM(REGEXREPLACE(TRIM(REGEXEXTRACT('AYIRA MINI MART FINAL MENU - Pr'!A5, ""^[^\x{0600}-\x{06FF}]+"")), ""[-–]+$"", """")), """"))>0, IFERROR(TRIM(REGEXREPLACE(TRIM(REGEXEXTRACT('AYIRA MIN"&"I MART FINAL MENU - Pr'!A5, ""^[^\x{0600}-\x{06FF}]+"")), ""[-–]+$"", """")), """"), GOOGLETRANSLATE('AYIRA MINI MART FINAL MENU - Pr'!A5, ""ar"", ""en"")))"),"Mountain Dew 330ml") -> Mountain Dew 330ml | B5: =IFERROR(__xludf.DUMMYFUNCTION("IF('AYIRA MINI MART FINAL MENU - Pr'!B5="""", """", IF(LEN(IFERROR(TRIM(REGEXREPLACE(TRIM(REGEXEXTRACT('AYIRA MINI MART FINAL MENU - Pr'!B5, ""^[^\x{0600}-\x{06FF}]+"")), ""[-–]+$"", """")), """"))>0, IFERROR(TRIM(REGEXREPLACE(TRIM(REGEXEXTRACT('AYIRA MIN"&"I MART FINAL MENU - Pr'!B5, ""^[^\x{0600}-\x{06FF}]+"")), ""[-–]+$"", """")), """"), GOOGLETRANSLATE('AYIRA MINI MART FINAL MENU - Pr'!B5, ""ar"", ""en"")))"),"Carbonated Soft Drinks") -> Carbonated Soft Drinks | C5: =IF('AYIRA MINI MART FINAL MENU - Pr'!C5="", "", 'AYIRA MINI MART FINAL MENU - Pr'!C5) -> 2.5 | D5: =IFERROR(__xludf.DUMMYFUNCTION("IF('AYIRA MINI MART FINAL MENU - Pr'!D5="""", """", GOOGLETRANSLATE('AYIRA MINI MART FINAL MENU - Pr'!D5, ""ar"", ""en""))"),"Enjoy Mountain Dew, the refreshing soft drink that gives you energy and vitality with every sip. Its great taste and unique formula make it the perfect choice to quench your thirst anytime. Ideal for parties, family gatherings, and various occasions. It b"&"oasts distinctive flavors that make every sip an unforgettable experience. Get it now from Aira Mini Mart at the best prices and highest quality. Our premium drink provides instant refreshment and satisfies your discerning palate whenever you need hydrati"&"on.") -> Enjoy Mountain Dew, the refreshing soft drink that gives you energy and vitality with every sip. Its great taste and unique formula make it the perfect choice to quench your thirst anytime. Ideal for parties, family gatherings, and various occasions. It boasts distinctive flavors that make every sip an unforgettable experience. Get it now from Aira Mini Mart at the best prices and highest quality. Our premium drink provides instant refreshment and satisfies your discerning palate whenever you need hydration. | E5: =IF('AYIRA MINI MART FINAL MENU - Pr'!K5="", "", 'AYIRA MINI MART FINAL MENU - Pr'!K5) | L5: =IF('AYIRA MINI MART FINAL MENU - Pr'!L5="", "", 'AYIRA MINI MART FINAL MENU - Pr'!L5) | M5: =IF('AYIRA MINI MART FINAL MENU - Pr'!M5="", "", 'AYIRA MINI MART FINAL MENU - Pr'!M5) | N5: =IF('AYIRA MINI MART FINAL MENU - Pr'!N5="", "", 'AYIRA MINI MART FINAL MENU - Pr'!N5)
A6: =IFERROR(__xludf.DUMMYFUNCTION("IF('AYIRA MINI MART FINAL MENU - Pr'!A6="""", """", IF(LEN(IFERROR(TRIM(REGEXREPLACE(TRIM(REGEXEXTRACT('AYIRA MINI MART FINAL MENU - Pr'!A6, ""^[^\x{0600}-\x{06FF}]+"")), ""[-–]+$"", """")), """"))>0, IFERROR(TRIM(REGEXREPLACE(TRIM(REGEXEXTRACT('AYIRA MIN"&"I MART FINAL MENU - Pr'!A6, ""^[^\x{0600}-\x{06FF}]+"")), ""[-–]+$"", """")), """"), GOOGLETRANSLATE('AYIRA MINI MART FINAL MENU - Pr'!A6, ""ar"", ""en"")))"),"Shani Can 330ml") -> Shani Can 330ml | B6: =IFERROR(__xludf.DUMMYFUNCTION("IF('AYIRA MINI MART FINAL MENU - Pr'!B6="""", """", IF(LEN(IFERROR(TRIM(REGEXREPLACE(TRIM(REGEXEXTRACT('AYIRA MINI MART FINAL MENU - Pr'!B6, ""^[^\x{0600}-\x{06FF}]+"")), ""[-–]+$"", """")), """"))>0, IFERROR(TRIM(REGEXREPLACE(TRIM(REGEXEXTRACT('AYIRA MIN"&"I MART FINAL MENU - Pr'!B6, ""^[^\x{0600}-\x{06FF}]+"")), ""[-–]+$"", """")), """"), GOOGLETRANSLATE('AYIRA MINI MART FINAL MENU - Pr'!B6, ""ar"", ""en"")))"),"Carbonated Soft Drinks") -> Carbonated Soft Drinks | C6: =IF('AYIRA MINI MART FINAL MENU - Pr'!C6="", "", 'AYIRA MINI MART FINAL MENU - Pr'!C6) -> 2.5 | D6: =IFERROR(__xludf.DUMMYFUNCTION("IF('AYIRA MINI MART FINAL MENU - Pr'!D6="""", """", GOOGLETRANSLATE('AYIRA MINI MART FINAL MENU - Pr'!D6, ""ar"", ""en""))"),"Enjoy Shani, the refreshing soft drink that gives you energy and vitality with every drop. Its delicious taste and unique formula make it the perfect choice to quench your thirst anytime. Ideal for parties, family gatherings, and various occasions. It boa"&"sts distinctive flavors that make every sip an unforgettable experience. Get it now from Aira Mini Mart at the best prices and highest quality. Our premium drink provides instant refreshment and satisfies your discerning palate whenever you need hydration"&".") -> Enjoy Shani, the refreshing soft drink that gives you energy and vitality with every drop. Its delicious taste and unique formula make it the perfect choice to quench your thirst anytime. Ideal for parties, family gatherings, and various occasions. It boasts distinctive flavors that make every sip an unforgettable experience. Get it now from Aira Mini Mart at the best prices and highest quality. Our premium drink provides instant refreshment and satisfies your discerning palate whenever you need hydration. | E6: =IF('AYIRA MINI MART FINAL MENU - Pr'!K6="", "", 'AYIRA MINI MART FINAL MENU - Pr'!K6) | L6: =IF('AYIRA MINI MART FINAL MENU - Pr'!L6="", "", 'AYIRA MINI MART FINAL MENU - Pr'!L6) | M6: =IF('AYIRA MINI MART FINAL MENU - Pr'!M6="", "", 'AYIRA MINI MART FINAL MENU - Pr'!M6) | N6: =IF('AYIRA MINI MART FINAL MENU - Pr'!N6="", "", 'AYIRA MINI MART FINAL MENU - Pr'!N6)
A7: =IFERROR(__xludf.DUMMYFUNCTION("IF('AYIRA MINI MART FINAL MENU - Pr'!A7="""", """", IF(LEN(IFERROR(TRIM(REGEXREPLACE(TRIM(REGEXEXTRACT('AYIRA MINI MART FINAL MENU - Pr'!A7, ""^[^\x{0600}-\x{06FF}]+"")), ""[-–]+$"", """")), """"))>0, IFERROR(TRIM(REGEXREPLACE(TRIM(REGEXEXTRACT('AYIRA MIN"&"I MART FINAL MENU - Pr'!A7, ""^[^\x{0600}-\x{06FF}]+"")), ""[-–]+$"", """")), """"), GOOGLETRANSLATE('AYIRA MINI MART FINAL MENU - Pr'!A7, ""ar"", ""en"")))"),"7Up 330ml") -> 7Up 330ml | B7: =IFERROR(__xludf.DUMMYFUNCTION("IF('AYIRA MINI MART FINAL MENU - Pr'!B7="""", """", IF(LEN(IFERROR(TRIM(REGEXREPLACE(TRIM(REGEXEXTRACT('AYIRA MINI MART FINAL MENU - Pr'!B7, ""^[^\x{0600}-\x{06FF}]+"")), ""[-–]+$"", """")), """"))>0, IFERROR(TRIM(REGEXREPLACE(TRIM(REGEXEXTRACT('AYIRA MIN"&"I MART FINAL MENU - Pr'!B7, ""^[^\x{0600}-\x{06FF}]+"")), ""[-–]+$"", """")), """"), GOOGLETRANSLATE('AYIRA MINI MART FINAL MENU - Pr'!B7, ""ar"", ""en"")))"),"Carbonated Soft Drinks") -> Carbonated Soft Drinks | C7: =IF('AYIRA MINI MART FINAL MENU - Pr'!C7="", "", 'AYIRA MINI MART FINAL MENU - Pr'!C7) -> 2.5 | D7: =IFERROR(__xludf.DUMMYFUNCTION("IF('AYIRA MINI MART FINAL MENU - Pr'!D7="""", """", GOOGLETRANSLATE('AYIRA MINI MART FINAL MENU - Pr'!D7, ""ar"", ""en""))"),"Enjoy 7UP, the refreshing soft drink that gives you energy and vitality with every drop. Its great taste and unique formula make it the perfect choice to quench your thirst anytime. Ideal for parties, family gatherings, and various occasions. It boasts di"&"stinctive flavors that make every sip an unforgettable experience. Get it now from Aira Mini Mart at the best prices and highest quality. Our premium drink provides instant refreshment and satisfies your discerning palate whenever you need hydration.") -> Enjoy 7UP, the refreshing soft drink that gives you energy and vitality with every drop. Its great taste and unique formula make it the perfect choice to quench your thirst anytime. Ideal for parties, family gatherings, and various occasions. It boasts distinctive flavors that make every sip an unforgettable experience. Get it now from Aira Mini Mart at the best prices and highest quality. Our premium drink provides instant refreshment and satisfies your discerning palate whenever you need hydration. | E7: =IF('AYIRA MINI MART FINAL MENU - Pr'!K7="", "", 'AYIRA MINI MART FINAL MENU - Pr'!K7) | L7: =IF('AYIRA MINI MART FINAL MENU - Pr'!L7="", "", 'AYIRA MINI MART FINAL MENU - Pr'!L7) | M7: =IF('AYIRA MINI MART FINAL MENU - Pr'!M7="", "", 'AYIRA MINI MART FINAL MENU - Pr'!M7) | N7: =IF('AYIRA MINI MART FINAL MENU - Pr'!N7="", "", 'AYIRA MINI MART FINAL MENU - Pr'!N7)
A8: =IFERROR(__xludf.DUMMYFUNCTION("IF('AYIRA MINI MART FINAL MENU - Pr'!A8="""", """", IF(LEN(IFERROR(TRIM(REGEXREPLACE(TRIM(REGEXEXTRACT('AYIRA MINI MART FINAL MENU - Pr'!A8, ""^[^\x{0600}-\x{06FF}]+"")), ""[-–]+$"", """")), """"))>0, IFERROR(TRIM(REGEXREPLACE(TRIM(REGEXEXTRACT('AYIRA MIN"&"I MART FINAL MENU - Pr'!A8, ""^[^\x{0600}-\x{06FF}]+"")), ""[-–]+$"", """")), """"), GOOGLETRANSLATE('AYIRA MINI MART FINAL MENU - Pr'!A8, ""ar"", ""en"")))"),"Mirinda Orange 1.25L") -> Mirinda Orange 1.25L | B8: =IFERROR(__xludf.DUMMYFUNCTION("IF('AYIRA MINI MART FINAL MENU - Pr'!B8="""", """", IF(LEN(IFERROR(TRIM(REGEXREPLACE(TRIM(REGEXEXTRACT('AYIRA MINI MART FINAL MENU - Pr'!B8, ""^[^\x{0600}-\x{06FF}]+"")), ""[-–]+$"", """")), """"))>0, IFERROR(TRIM(REGEXREPLACE(TRIM(REGEXEXTRACT('AYIRA MIN"&"I MART FINAL MENU - Pr'!B8, ""^[^\x{0600}-\x{06FF}]+"")), ""[-–]+$"", """")), """"), GOOGLETRANSLATE('AYIRA MINI MART FINAL MENU - Pr'!B8, ""ar"", ""en"")))"),"Carbonated Soft Drinks") -> Carbonated Soft Drinks | C8: =IF('AYIRA MINI MART FINAL MENU - Pr'!C8="", "", 'AYIRA MINI MART FINAL MENU - Pr'!C8) -> 4.5 | D8: =IFERROR(__xludf.DUMMYFUNCTION("IF('AYIRA MINI MART FINAL MENU - Pr'!D8="""", """", GOOGLETRANSLATE('AYIRA MINI MART FINAL MENU - Pr'!D8, ""ar"", ""en""))"),"Enjoy Miranda, the refreshing soft drink that gives you energy and vitality with every drop. Its great taste and unique formula make it the perfect choice to quench your thirst anytime. Ideal for parties, family gatherings, and various occasions. It boast"&"s distinctive flavors that make every sip an unforgettable experience. Get it now from Aira Mini Mart at the best prices and highest quality. Our premium drink provides instant refreshment and satisfies your discerning palate whenever you need hydration.") -> Enjoy Miranda, the refreshing soft drink that gives you energy and vitality with every drop. Its great taste and unique formula make it the perfect choice to quench your thirst anytime. Ideal for parties, family gatherings, and various occasions. It boasts distinctive flavors that make every sip an unforgettable experience. Get it now from Aira Mini Mart at the best prices and highest quality. Our premium drink provides instant refreshment and satisfies your discerning palate whenever you need hydration. | E8: =IF('AYIRA MINI MART FINAL MENU - Pr'!K8="", "", 'AYIRA MINI MART FINAL MENU - Pr'!K8) | L8: =IF('AYIRA MINI MART FINAL MENU - Pr'!L8="", "", 'AYIRA MINI MART FINAL MENU - Pr'!L8) | M8: =IF('AYIRA MINI MART FINAL MENU - Pr'!M8="", "", 'AYIRA MINI MART FINAL MENU - Pr'!M8) | N8: =IF('AYIRA MINI MART FINAL MENU - Pr'!N8="", "", 'AYIRA MINI MART FINAL MENU - Pr'!N8)
A9: =IFERROR(__xludf.DUMMYFUNCTION("IF('AYIRA MINI MART FINAL MENU - Pr'!A9="""", """", IF(LEN(IFERROR(TRIM(REGEXREPLACE(TRIM(REGEXEXTRACT('AYIRA MINI MART FINAL MENU - Pr'!A9, ""^[^\x{0600}-\x{06FF}]+"")), ""[-–]+$"", """")), """"))>0, IFERROR(TRIM(REGEXREPLACE(TRIM(REGEXEXTRACT('AYIRA MIN"&"I MART FINAL MENU - Pr'!A9, ""^[^\x{0600}-\x{06FF}]+"")), ""[-–]+$"", """")), """"), GOOGLETRANSLATE('AYIRA MINI MART FINAL MENU - Pr'!A9, ""ar"", ""en"")))"),"Red Bull Sugar Free 250ml") -> Red Bull Sugar Free 250ml | B9: =IFERROR(__xludf.DUMMYFUNCTION("IF('AYIRA MINI MART FINAL MENU - Pr'!B9="""", """", IF(LEN(IFERROR(TRIM(REGEXREPLACE(TRIM(REGEXEXTRACT('AYIRA MINI MART FINAL MENU - Pr'!B9, ""^[^\x{0600}-\x{06FF}]+"")), ""[-–]+$"", """")), """"))>0, IFERROR(TRIM(REGEXREPLACE(TRIM(REGEXEXTRACT('AYIRA MIN"&"I MART FINAL MENU - Pr'!B9, ""^[^\x{0600}-\x{06FF}]+"")), ""[-–]+$"", """")), """"), GOOGLETRANSLATE('AYIRA MINI MART FINAL MENU - Pr'!B9, ""ar"", ""en"")))"),"Energy & Sports Drinks") -> Energy & Sports Drinks | C9: =IF('AYIRA MINI MART FINAL MENU - Pr'!C9="", "", 'AYIRA MINI MART FINAL MENU - Pr'!C9) -> 10 | D9: =IFERROR(__xludf.DUMMYFUNCTION("IF('AYIRA MINI MART FINAL MENU - Pr'!D9="""", """", GOOGLETRANSLATE('AYIRA MINI MART FINAL MENU - Pr'!D9, ""ar"", ""en""))"),"Fuel your energy with Red Bull, the favorite energy drink of athletes and professionals. It gives you the focus and stamina you need to tackle the day's challenges with peak performance. With a unique blend of caffeine, vitamins, and amino acids, it helps"&" you perform at your best. Perfect before a workout or during long work hours. Experience the difference with every sip and enjoy unparalleled energy. Available now at Aira Mini Mart at an affordable price and with guaranteed quality.") -> Fuel your energy with Red Bull, the favorite energy drink of athletes and professionals. It gives you the focus and stamina you need to tackle the day's challenges with peak performance. With a unique blend of caffeine, vitamins, and amino acids, it helps you perform at your best. Perfect before a workout or during long work hours. Experience the difference with every sip and enjoy unparalleled energy. Available now at Aira Mini Mart at an affordable price and with guaranteed quality. | E9: =IF('AYIRA MINI MART FINAL MENU - Pr'!K9="", "", 'AYIRA MINI MART FINAL MENU - Pr'!K9) | L9: =IF('AYIRA MINI MART FINAL MENU - Pr'!L9="", "", 'AYIRA MINI MART FINAL MENU - Pr'!L9) | M9: =IF('AYIRA MINI MART FINAL MENU - Pr'!M9="", "", 'AYIRA MINI MART FINAL MENU - Pr'!M9) | N9: =IF('AYIRA MINI MART FINAL MENU - Pr'!N9="", "", 'AYIRA MINI MART FINAL MENU - Pr'!N9)
A10: =IFERROR(__xludf.DUMMYFUNCTION("IF('AYIRA MINI MART FINAL MENU - Pr'!A10="""", """", IF(LEN(IFERROR(TRIM(REGEXREPLACE(TRIM(REGEXEXTRACT('AYIRA MINI MART FINAL MENU - Pr'!A10, ""^[^\x{0600}-\x{06FF}]+"")), ""[-–]+$"", """")), """"))>0, IFERROR(TRIM(REGEXREPLACE(TRIM(REGEXEXTRACT('AYIRA M"&"INI MART FINAL MENU - Pr'!A10, ""^[^\x{0600}-\x{06FF}]+"")), ""[-–]+$"", """")), """"), GOOGLETRANSLATE('AYIRA MINI MART FINAL MENU - Pr'!A10, ""ar"", ""en"")))"),"Red Bull Sea Blue Edition 250ml") -> Red Bull Sea Blue Edition 250ml | B10: =IFERROR(__xludf.DUMMYFUNCTION("IF('AYIRA MINI MART FINAL MENU - Pr'!B10="""", """", IF(LEN(IFERROR(TRIM(REGEXREPLACE(TRIM(REGEXEXTRACT('AYIRA MINI MART FINAL MENU - Pr'!B10, ""^[^\x{0600}-\x{06FF}]+"")), ""[-–]+$"", """")), """"))>0, IFERROR(TRIM(REGEXREPLACE(TRIM(REGEXEXTRACT('AYIRA M"&"INI MART FINAL MENU - Pr'!B10, ""^[^\x{0600}-\x{06FF}]+"")), ""[-–]+$"", """")), """"), GOOGLETRANSLATE('AYIRA MINI MART FINAL MENU - Pr'!B10, ""ar"", ""en"")))"),"Energy & Sports Drinks") -> Energy & Sports Drinks | C10: =IF('AYIRA MINI MART FINAL MENU - Pr'!C10="", "", 'AYIRA MINI MART FINAL MENU - Pr'!C10) -> 10 | D10: =IFERROR(__xludf.DUMMYFUNCTION("IF('AYIRA MINI MART FINAL MENU - Pr'!D10="""", """", GOOGLETRANSLATE('AYIRA MINI MART FINAL MENU - Pr'!D10, ""ar"", ""en""))"),"Fuel your energy with Red Bull, the favorite energy drink of athletes and professionals. It gives you the focus and stamina you need to tackle the day's challenges with peak performance. With a unique blend of caffeine, vitamins, and amino acids, it helps"&" you perform at your best. Perfect before a workout or during long work hours. Experience the difference with every sip and enjoy unparalleled energy. Available now at Aira Mini Mart at an affordable price and with guaranteed quality.") -> Fuel your energy with Red Bull, the favorite energy drink of athletes and professionals. It gives you the focus and stamina you need to tackle the day's challenges with peak performance. With a unique blend of caffeine, vitamins, and amino acids, it helps you perform at your best. Perfect before a workout or during long work hours. Experience the difference with every sip and enjoy unparalleled energy. Available now at Aira Mini Mart at an affordable price and with guaranteed quality. | E10: =IF('AYIRA MINI MART FINAL MENU - Pr'!K10="", "", 'AYIRA MINI MART FINAL MENU - Pr'!K10) | L10: =IF('AYIRA MINI MART FINAL MENU - Pr'!L10="", "", 'AYIRA MINI MART FINAL MENU - Pr'!L10) | M10: =IF('AYIRA MINI MART FINAL MENU - Pr'!M10="", "", 'AYIRA MINI MART FINAL MENU - Pr'!M10) | N10: =IF('AYIRA MINI MART FINAL MENU - Pr'!N10="", "", 'AYIRA MINI MART FINAL MENU - Pr'!N10)
A11: =IFERROR(__xludf.DUMMYFUNCTION("IF('AYIRA MINI MART FINAL MENU - Pr'!A11="""", """", IF(LEN(IFERROR(TRIM(REGEXREPLACE(TRIM(REGEXEXTRACT('AYIRA MINI MART FINAL MENU - Pr'!A11, ""^[^\x{0600}-\x{06FF}]+"")), ""[-–]+$"", """")), """"))>0, IFERROR(TRIM(REGEXREPLACE(TRIM(REGEXEXTRACT('AYIRA M"&"INI MART FINAL MENU - Pr'!A11, ""^[^\x{0600}-\x{06FF}]+"")), ""[-–]+$"", """")), """"), GOOGLETRANSLATE('AYIRA MINI MART FINAL MENU - Pr'!A11, ""ar"", ""en"")))"),"Red Bull White Edition Coconut Berry 250ml") -> Red Bull White Edition Coconut Berry 250ml | B11: =IFERROR(__xludf.DUMMYFUNCTION("IF('AYIRA MINI MART FINAL MENU - Pr'!B11="""", """", IF(LEN(IFERROR(TRIM(REGEXREPLACE(TRIM(REGEXEXTRACT('AYIRA MINI MART FINAL MENU - Pr'!B11, ""^[^\x{0600}-\x{06FF}]+"")), ""[-–]+$"", """")), """"))>0, IFERROR(TRIM(REGEXREPLACE(TRIM(REGEXEXTRACT('AYIRA M"&"INI MART FINAL MENU - Pr'!B11, ""^[^\x{0600}-\x{06FF}]+"")), ""[-–]+$"", """")), """"), GOOGLETRANSLATE('AYIRA MINI MART FINAL MENU - Pr'!B11, ""ar"", ""en"")))"),"Energy & Sports Drinks") -> Energy & Sports Drinks | C11: =IF('AYIRA MINI MART FINAL MENU - Pr'!C11="", "", 'AYIRA MINI MART FINAL MENU - Pr'!C11) -> 10 | D11: =IFERROR(__xludf.DUMMYFUNCTION("IF('AYIRA MINI MART FINAL MENU - Pr'!D11="""", """", GOOGLETRANSLATE('AYIRA MINI MART FINAL MENU - Pr'!D11, ""ar"", ""en""))"),"Fuel your energy with Red Bull, the favorite energy drink of athletes and professionals. It gives you the focus and stamina you need to tackle the day's challenges with peak performance. With a unique blend of caffeine, vitamins, and amino acids, it helps"&" you perform at your best. Perfect before a workout or during long work hours. Experience the difference with every sip and enjoy unparalleled energy. Available now at Aira Mini Mart at an affordable price and with guaranteed quality.") -> Fuel your energy with Red Bull, the favorite energy drink of athletes and professionals. It gives you the focus and stamina you need to tackle the day's challenges with peak performance. With a unique blend of caffeine, vitamins, and amino acids, it helps you perform at your best. Perfect before a workout or during long work hours. Experience the difference with every sip and enjoy unparalleled energy. Available now at Aira Mini Mart at an affordable price and with guaranteed quality. | E11: =IF('AYIRA MINI MART FINAL MENU - Pr'!K11="", "", 'AYIRA MINI MART FINAL MENU - Pr'!K11) | L11: =IF('AYIRA MINI MART FINAL MENU - Pr'!L11="", "", 'AYIRA MINI MART FINAL MENU - Pr'!L11) | M11: =IF('AYIRA MINI MART FINAL MENU - Pr'!M11="", "", 'AYIRA MINI MART FINAL MENU - Pr'!M11) | N11: =IF('AYIRA MINI MART FINAL MENU - Pr'!N11="", "", 'AYIRA MINI MART FINAL MENU - Pr'!N11)
A12: =IFERROR(__xludf.DUMMYFUNCTION("IF('AYIRA MINI MART FINAL MENU - Pr'!A12="""", """", IF(LEN(IFERROR(TRIM(REGEXREPLACE(TRIM(REGEXEXTRACT('AYIRA MINI MART FINAL MENU - Pr'!A12, ""^[^\x{0600}-\x{06FF}]+"")), ""[-–]+$"", """")), """"))>0, IFERROR(TRIM(REGEXREPLACE(TRIM(REGEXEXTRACT('AYIRA M"&"INI MART FINAL MENU - Pr'!A12, ""^[^\x{0600}-\x{06FF}]+"")), ""[-–]+$"", """")), """"), GOOGLETRANSLATE('AYIRA MINI MART FINAL MENU - Pr'!A12, ""ar"", ""en"")))"),"Red Bull Energy Drink 250ml") -> Red Bull Energy Drink 250ml | B12: =IFERROR(__xludf.DUMMYFUNCTION("IF('AYIRA MINI MART FINAL MENU - Pr'!B12="""", """", IF(LEN(IFERROR(TRIM(REGEXREPLACE(TRIM(REGEXEXTRACT('AYIRA MINI MART FINAL MENU - Pr'!B12, ""^[^\x{0600}-\x{06FF}]+"")), ""[-–]+$"", """")), """"))>0, IFERROR(TRIM(REGEXREPLACE(TRIM(REGEXEXTRACT('AYIRA M"&"INI MART FINAL MENU - Pr'!B12, ""^[^\x{0600}-\x{06FF}]+"")), ""[-–]+$"", """")), """"), GOOGLETRANSLATE('AYIRA MINI MART FINAL MENU - Pr'!B12, ""ar"", ""en"")))"),"Energy & Sports Drinks") -> Energy & Sports Drinks | C12: =IF('AYIRA MINI MART FINAL MENU - Pr'!C12="", "", 'AYIRA MINI MART FINAL MENU - Pr'!C12) -> 10 | D12: =IFERROR(__xludf.DUMMYFUNCTION("IF('AYIRA MINI MART FINAL MENU - Pr'!D12="""", """", GOOGLETRANSLATE('AYIRA MINI MART FINAL MENU - Pr'!D12, ""ar"", ""en""))"),"Fuel your energy with Red Bull, the favorite energy drink of athletes and professionals. It gives you the focus and stamina you need to tackle the day's challenges with peak performance. With a unique blend of caffeine, vitamins, and amino acids, it helps"&" you perform at your best. Perfect before a workout or during long work hours. Experience the difference with every sip and enjoy unparalleled energy. Available now at Aira Mini Mart at an affordable price and with guaranteed quality.") -> Fuel your energy with Red Bull, the favorite energy drink of athletes and professionals. It gives you the focus and stamina you need to tackle the day's challenges with peak performance. With a unique blend of caffeine, vitamins, and amino acids, it helps you perform at your best. Perfect before a workout or during long work hours. Experience the difference with every sip and enjoy unparalleled energy. Available now at Aira Mini Mart at an affordable price and with guaranteed quality. | E12: =IF('AYIRA MINI MART FINAL MENU - Pr'!K12="", "", 'AYIRA MINI MART FINAL MENU - Pr'!K12) | L12: =IF('AYIRA MINI MART FINAL MENU - Pr'!L12="", "", 'AYIRA MINI MART FINAL MENU - Pr'!L12) | M12: =IF('AYIRA MINI MART FINAL MENU - Pr'!M12="", "", 'AYIRA MINI MART FINAL MENU - Pr'!M12) | N12: =IF('AYIRA MINI MART FINAL MENU - Pr'!N12="", "", 'AYIRA MINI MART FINAL MENU - Pr'!N12)
A13: =IFERROR(__xludf.DUMMYFUNCTION("IF('AYIRA MINI MART FINAL MENU - Pr'!A13="""", """", IF(LEN(IFERROR(TRIM(REGEXREPLACE(TRIM(REGEXEXTRACT('AYIRA MINI MART FINAL MENU - Pr'!A13, ""^[^\x{0600}-\x{06FF}]+"")), ""[-–]+$"", """")), """"))>0, IFERROR(TRIM(REGEXREPLACE(TRIM(REGEXEXTRACT('AYIRA M"&"INI MART FINAL MENU - Pr'!A13, ""^[^\x{0600}-\x{06FF}]+"")), ""[-–]+$"", """")), """"), GOOGLETRANSLATE('AYIRA MINI MART FINAL MENU - Pr'!A13, ""ar"", ""en"")))"),"Coca-Cola Sleek Can 330ml") -> Coca-Cola Sleek Can 330ml | B13: =IFERROR(__xludf.DUMMYFUNCTION("IF('AYIRA MINI MART FINAL MENU - Pr'!B13="""", """", IF(LEN(IFERROR(TRIM(REGEXREPLACE(TRIM(REGEXEXTRACT('AYIRA MINI MART FINAL MENU - Pr'!B13, ""^[^\x{0600}-\x{06FF}]+"")), ""[-–]+$"", """")), """"))>0, IFERROR(TRIM(REGEXREPLACE(TRIM(REGEXEXTRACT('AYIRA M"&"INI MART FINAL MENU - Pr'!B13, ""^[^\x{0600}-\x{06FF}]+"")), ""[-–]+$"", """")), """"), GOOGLETRANSLATE('AYIRA MINI MART FINAL MENU - Pr'!B13, ""ar"", ""en"")))"),"Carbonated Soft Drinks") -> Carbonated Soft Drinks | C13: =IF('AYIRA MINI MART FINAL MENU - Pr'!C13="", "", 'AYIRA MINI MART FINAL MENU - Pr'!C13) -> 2.5 | D13: =IFERROR(__xludf.DUMMYFUNCTION("IF('AYIRA MINI MART FINAL MENU - Pr'!D13="""", """", GOOGLETRANSLATE('AYIRA MINI MART FINAL MENU - Pr'!D13, ""ar"", ""en""))"),"Enjoy Coca-Cola, the refreshing soft drink that gives you energy and vitality with every sip. Its great taste and unique formula make it the perfect choice to quench your thirst anytime. Ideal for parties, family gatherings, and various occasions. It cont"&"ains distinctive flavors that make every sip an unforgettable experience. Get it now from Aira Mini Mart at the best prices and highest quality. Our premium drink provides instant refreshment and satisfies your discerning palate whenever you need hydratio"&"n.") -> Enjoy Coca-Cola, the refreshing soft drink that gives you energy and vitality with every sip. Its great taste and unique formula make it the perfect choice to quench your thirst anytime. Ideal for parties, family gatherings, and various occasions. It contains distinctive flavors that make every sip an unforgettable experience. Get it now from Aira Mini Mart at the best prices and highest quality. Our premium drink provides instant refreshment and satisfies your discerning palate whenever you need hydration. | E13: =IF('AYIRA MINI MART FINAL MENU - Pr'!K13="", "", 'AYIRA MINI MART FINAL MENU - Pr'!K13) | L13: =IF('AYIRA MINI MART FINAL MENU - Pr'!L13="", "", 'AYIRA MINI MART FINAL MENU - Pr'!L13) | M13: =IF('AYIRA MINI MART FINAL MENU - Pr'!M13="", "", 'AYIRA MINI MART FINAL MENU - Pr'!M13) | N13: =IF('AYIRA MINI MART FINAL MENU - Pr'!N13="", "", 'AYIRA MINI MART FINAL MENU - Pr'!N13)
A14: =IFERROR(__xludf.DUMMYFUNCTION("IF('AYIRA MINI MART FINAL MENU - Pr'!A14="""", """", IF(LEN(IFERROR(TRIM(REGEXREPLACE(TRIM(REGEXEXTRACT('AYIRA MINI MART FINAL MENU - Pr'!A14, ""^[^\x{0600}-\x{06FF}]+"")), ""[-–]+$"", """")), """"))>0, IFERROR(TRIM(REGEXREPLACE(TRIM(REGEXEXTRACT('AYIRA M"&"INI MART FINAL MENU - Pr'!A14, ""^[^\x{0600}-\x{06FF}]+"")), ""[-–]+$"", """")), """"), GOOGLETRANSLATE('AYIRA MINI MART FINAL MENU - Pr'!A14, ""ar"", ""en"")))"),"7Up 150ml") -> 7Up 150ml | B14: =IFERROR(__xludf.DUMMYFUNCTION("IF('AYIRA MINI MART FINAL MENU - Pr'!B14="""", """", IF(LEN(IFERROR(TRIM(REGEXREPLACE(TRIM(REGEXEXTRACT('AYIRA MINI MART FINAL MENU - Pr'!B14, ""^[^\x{0600}-\x{06FF}]+"")), ""[-–]+$"", """")), """"))>0, IFERROR(TRIM(REGEXREPLACE(TRIM(REGEXEXTRACT('AYIRA M"&"INI MART FINAL MENU - Pr'!B14, ""^[^\x{0600}-\x{06FF}]+"")), ""[-–]+$"", """")), """"), GOOGLETRANSLATE('AYIRA MINI MART FINAL MENU - Pr'!B14, ""ar"", ""en"")))"),"Carbonated Soft Drinks") -> Carbonated Soft Drinks | C14: =IF('AYIRA MINI MART FINAL MENU - Pr'!C14="", "", 'AYIRA MINI MART FINAL MENU - Pr'!C14) -> 2 | D14: =IFERROR(__xludf.DUMMYFUNCTION("IF('AYIRA MINI MART FINAL MENU - Pr'!D14="""", """", GOOGLETRANSLATE('AYIRA MINI MART FINAL MENU - Pr'!D14, ""ar"", ""en""))"),"Enjoy 7UP, the refreshing soft drink that gives you energy and vitality with every drop. Its great taste and unique formula make it the perfect choice to quench your thirst anytime. Ideal for parties, family gatherings, and various occasions. It boasts di"&"stinctive flavors that make every sip an unforgettable experience. Get it now from Aira Mini Mart at the best prices and highest quality. Our premium drink provides instant refreshment and satisfies your discerning palate whenever you need hydration.") -> Enjoy 7UP, the refreshing soft drink that gives you energy and vitality with every drop. Its great taste and unique formula make it the perfect choice to quench your thirst anytime. Ideal for parties, family gatherings, and various occasions. It boasts distinctive flavors that make every sip an unforgettable experience. Get it now from Aira Mini Mart at the best prices and highest quality. Our premium drink provides instant refreshment and satisfies your discerning palate whenever you need hydration. | E14: =IF('AYIRA MINI MART FINAL MENU - Pr'!K14="", "", 'AYIRA MINI MART FINAL MENU - Pr'!K14) | L14: =IF('AYIRA MINI MART FINAL MENU - Pr'!L14="", "", 'AYIRA MINI MART FINAL MENU - Pr'!L14) | M14: =IF('AYIRA MINI MART FINAL MENU - Pr'!M14="", "", 'AYIRA MINI MART FINAL MENU - Pr'!M14) | N14: =IF('AYIRA MINI MART FINAL MENU - Pr'!N14="", "", 'AYIRA MINI MART FINAL MENU - Pr'!N14)
A15: =IFERROR(__xludf.DUMMYFUNCTION("IF('AYIRA MINI MART FINAL MENU - Pr'!A15="""", """", IF(LEN(IFERROR(TRIM(REGEXREPLACE(TRIM(REGEXEXTRACT('AYIRA MINI MART FINAL MENU - Pr'!A15, ""^[^\x{0600}-\x{06FF}]+"")), ""[-–]+$"", """")), """"))>0, IFERROR(TRIM(REGEXREPLACE(TRIM(REGEXEXTRACT('AYIRA M"&"INI MART FINAL MENU - Pr'!A15, ""^[^\x{0600}-\x{06FF}]+"")), ""[-–]+$"", """")), """"), GOOGLETRANSLATE('AYIRA MINI MART FINAL MENU - Pr'!A15, ""ar"", ""en"")))"),"Mirinda Citrus 330ml") -> Mirinda Citrus 330ml | B15: =IFERROR(__xludf.DUMMYFUNCTION("IF('AYIRA MINI MART FINAL MENU - Pr'!B15="""", """", IF(LEN(IFERROR(TRIM(REGEXREPLACE(TRIM(REGEXEXTRACT('AYIRA MINI MART FINAL MENU - Pr'!B15, ""^[^\x{0600}-\x{06FF}]+"")), ""[-–]+$"", """")), """"))>0, IFERROR(TRIM(REGEXREPLACE(TRIM(REGEXEXTRACT('AYIRA M"&"INI MART FINAL MENU - Pr'!B15, ""^[^\x{0600}-\x{06FF}]+"")), ""[-–]+$"", """")), """"), GOOGLETRANSLATE('AYIRA MINI MART FINAL MENU - Pr'!B15, ""ar"", ""en"")))"),"Carbonated Soft Drinks") -> Carbonated Soft Drinks | C15: =IF('AYIRA MINI MART FINAL MENU - Pr'!C15="", "", 'AYIRA MINI MART FINAL MENU - Pr'!C15) -> 2.5 | D15: =IFERROR(__xludf.DUMMYFUNCTION("IF('AYIRA MINI MART FINAL MENU - Pr'!D15="""", """", GOOGLETRANSLATE('AYIRA MINI MART FINAL MENU - Pr'!D15, ""ar"", ""en""))"),"Enjoy Miranda, the refreshing soft drink that gives you energy and vitality with every drop. Its great taste and unique formula make it the perfect choice to quench your thirst anytime. Ideal for parties, family gatherings, and various occasions. It boast"&"s distinctive flavors that make every sip an unforgettable experience. Get it now from Aira Mini Mart at the best prices and highest quality. Our premium drink provides instant refreshment and satisfies your discerning palate whenever you need hydration.") -> Enjoy Miranda, the refreshing soft drink that gives you energy and vitality with every drop. Its great taste and unique formula make it the perfect choice to quench your thirst anytime. Ideal for parties, family gatherings, and various occasions. It boasts distinctive flavors that make every sip an unforgettable experience. Get it now from Aira Mini Mart at the best prices and highest quality. Our premium drink provides instant refreshment and satisfies your discerning palate whenever you need hydration. | E15: =IF('AYIRA MINI MART FINAL MENU - Pr'!K15="", "", 'AYIRA MINI MART FINAL MENU - Pr'!K15) | L15: =IF('AYIRA MINI MART FINAL MENU - Pr'!L15="", "", 'AYIRA MINI MART FINAL MENU - Pr'!L15) | M15: =IF('AYIRA MINI MART FINAL MENU - Pr'!M15="", "", 'AYIRA MINI MART FINAL MENU - Pr'!M15) | N15: =IF('AYIRA MINI MART FINAL MENU - Pr'!N15="", "", 'AYIRA MINI MART FINAL MENU - Pr'!N15)
A16: =IFERROR(__xludf.DUMMYFUNCTION("IF('AYIRA MINI MART FINAL MENU - Pr'!A16="""", """", IF(LEN(IFERROR(TRIM(REGEXREPLACE(TRIM(REGEXEXTRACT('AYIRA MINI MART FINAL MENU - Pr'!A16, ""^[^\x{0600}-\x{06FF}]+"")), ""[-–]+$"", """")), """"))>0, IFERROR(TRIM(REGEXREPLACE(TRIM(REGEXEXTRACT('AYIRA M"&"INI MART FINAL MENU - Pr'!A16, ""^[^\x{0600}-\x{06FF}]+"")), ""[-–]+$"", """")), """"), GOOGLETRANSLATE('AYIRA MINI MART FINAL MENU - Pr'!A16, ""ar"", ""en"")))"),"Mirinda Apple 330ml") -> Mirinda Apple 330ml | B16: =IFERROR(__xludf.DUMMYFUNCTION("IF('AYIRA MINI MART FINAL MENU - Pr'!B16="""", """", IF(LEN(IFERROR(TRIM(REGEXREPLACE(TRIM(REGEXEXTRACT('AYIRA MINI MART FINAL MENU - Pr'!B16, ""^[^\x{0600}-\x{06FF}]+"")), ""[-–]+$"", """")), """"))>0, IFERROR(TRIM(REGEXREPLACE(TRIM(REGEXEXTRACT('AYIRA M"&"INI MART FINAL MENU - Pr'!B16, ""^[^\x{0600}-\x{06FF}]+"")), ""[-–]+$"", """")), """"), GOOGLETRANSLATE('AYIRA MINI MART FINAL MENU - Pr'!B16, ""ar"", ""en"")))"),"Carbonated Soft Drinks") -> Carbonated Soft Drinks | C16: =IF('AYIRA MINI MART FINAL MENU - Pr'!C16="", "", 'AYIRA MINI MART FINAL MENU - Pr'!C16) -> 2.5 | D16: =IFERROR(__xludf.DUMMYFUNCTION("IF('AYIRA MINI MART FINAL MENU - Pr'!D16="""", """", GOOGLETRANSLATE('AYIRA MINI MART FINAL MENU - Pr'!D16, ""ar"", ""en""))"),"Enjoy Miranda, the refreshing soft drink that gives you energy and vitality with every drop. Its great taste and unique formula make it the perfect choice to quench your thirst anytime. Ideal for parties, family gatherings, and various occasions. It boast"&"s distinctive flavors that make every sip an unforgettable experience. Get it now from Aira Mini Mart at the best prices and highest quality. Our premium drink provides instant refreshment and satisfies your discerning palate whenever you need hydration.") -> Enjoy Miranda, the refreshing soft drink that gives you energy and vitality with every drop. Its great taste and unique formula make it the perfect choice to quench your thirst anytime. Ideal for parties, family gatherings, and various occasions. It boasts distinctive flavors that make every sip an unforgettable experience. Get it now from Aira Mini Mart at the best prices and highest quality. Our premium drink provides instant refreshment and satisfies your discerning palate whenever you need hydration. | E16: =IF('AYIRA MINI MART FINAL MENU - Pr'!K16="", "", 'AYIRA MINI MART FINAL MENU - Pr'!K16) | L16: =IF('AYIRA MINI MART FINAL MENU - Pr'!L16="", "", 'AYIRA MINI MART FINAL MENU - Pr'!L16) | M16: =IF('AYIRA MINI MART FINAL MENU - Pr'!M16="", "", 'AYIRA MINI MART FINAL MENU - Pr'!M16) | N16: =IF('AYIRA MINI MART FINAL MENU - Pr'!N16="", "", 'AYIRA MINI MART FINAL MENU - Pr'!N16)
A17: =IFERROR(__xludf.DUMMYFUNCTION("IF('AYIRA MINI MART FINAL MENU - Pr'!A17="""", """", IF(LEN(IFERROR(TRIM(REGEXREPLACE(TRIM(REGEXEXTRACT('AYIRA MINI MART FINAL MENU - Pr'!A17, ""^[^\x{0600}-\x{06FF}]+"")), ""[-–]+$"", """")), """"))>0, IFERROR(TRIM(REGEXREPLACE(TRIM(REGEXEXTRACT('AYIRA M"&"INI MART FINAL MENU - Pr'!A17, ""^[^\x{0600}-\x{06FF}]+"")), ""[-–]+$"", """")), """"), GOOGLETRANSLATE('AYIRA MINI MART FINAL MENU - Pr'!A17, ""ar"", ""en"")))"),"Double Up Fresh Breeze Mojito 350ml") -> Double Up Fresh Breeze Mojito 350ml | B17: =IFERROR(__xludf.DUMMYFUNCTION("IF('AYIRA MINI MART FINAL MENU - Pr'!B17="""", """", IF(LEN(IFERROR(TRIM(REGEXREPLACE(TRIM(REGEXEXTRACT('AYIRA MINI MART FINAL MENU - Pr'!B17, ""^[^\x{0600}-\x{06FF}]+"")), ""[-–]+$"", """")), """"))>0, IFERROR(TRIM(REGEXREPLACE(TRIM(REGEXEXTRACT('AYIRA M"&"INI MART FINAL MENU - Pr'!B17, ""^[^\x{0600}-\x{06FF}]+"")), ""[-–]+$"", """")), """"), GOOGLETRANSLATE('AYIRA MINI MART FINAL MENU - Pr'!B17, ""ar"", ""en"")))"),"Carbonated Soft Drinks") -> Carbonated Soft Drinks | C17: =IF('AYIRA MINI MART FINAL MENU - Pr'!C17="", "", 'AYIRA MINI MART FINAL MENU - Pr'!C17) -> 3.5 | D17: =IFERROR(__xludf.DUMMYFUNCTION("IF('AYIRA MINI MART FINAL MENU - Pr'!D17="""", """", GOOGLETRANSLATE('AYIRA MINI MART FINAL MENU - Pr'!D17, ""ar"", ""en""))"),"Enjoy Double Up, the refreshing soft drink that gives you energy and vitality with every drop. Its delicious taste and unique formula make it the perfect choice to quench your thirst anytime. Ideal for parties, family gatherings, and various occasions. It"&" boasts distinctive flavors that make every sip an unforgettable experience. Get it now from Aira Mini Mart at the best prices and highest quality. Our premium drink provides instant refreshment and satisfies your discerning palate whenever you need hydra"&"tion.") -> Enjoy Double Up, the refreshing soft drink that gives you energy and vitality with every drop. Its delicious taste and unique formula make it the perfect choice to quench your thirst anytime. Ideal for parties, family gatherings, and various occasions. It boasts distinctive flavors that make every sip an unforgettable experience. Get it now from Aira Mini Mart at the best prices and highest quality. Our premium drink provides instant refreshment and satisfies your discerning palate whenever you need hydration. | E17: =IF('AYIRA MINI MART FINAL MENU - Pr'!K17="", "", 'AYIRA MINI MART FINAL MENU - Pr'!K17) | L17: =IF('AYIRA MINI MART FINAL MENU - Pr'!L17="", "", 'AYIRA MINI MART FINAL MENU - Pr'!L17) | M17: =IF('AYIRA MINI MART FINAL MENU - Pr'!M17="", "", 'AYIRA MINI MART FINAL MENU - Pr'!M17) | N17: =IF('AYIRA MINI MART FINAL MENU - Pr'!N17="", "", 'AYIRA MINI MART FINAL MENU - Pr'!N17)
A18: =IFERROR(__xludf.DUMMYFUNCTION("IF('AYIRA MINI MART FINAL MENU - Pr'!A18="""", """", IF(LEN(IFERROR(TRIM(REGEXREPLACE(TRIM(REGEXEXTRACT('AYIRA MINI MART FINAL MENU - Pr'!A18, ""^[^\x{0600}-\x{06FF}]+"")), ""[-–]+$"", """")), """"))>0, IFERROR(TRIM(REGEXREPLACE(TRIM(REGEXEXTRACT('AYIRA M"&"INI MART FINAL MENU - Pr'!A18, ""^[^\x{0600}-\x{06FF}]+"")), ""[-–]+$"", """")), """"), GOOGLETRANSLATE('AYIRA MINI MART FINAL MENU - Pr'!A18, ""ar"", ""en"")))"),"Double Up Fresh Breeze Red Apple 350ml") -> Double Up Fresh Breeze Red Apple 350ml | B18: =IFERROR(__xludf.DUMMYFUNCTION("IF('AYIRA MINI MART FINAL MENU - Pr'!B18="""", """", IF(LEN(IFERROR(TRIM(REGEXREPLACE(TRIM(REGEXEXTRACT('AYIRA MINI MART FINAL MENU - Pr'!B18, ""^[^\x{0600}-\x{06FF}]+"")), ""[-–]+$"", """")), """"))>0, IFERROR(TRIM(REGEXREPLACE(TRIM(REGEXEXTRACT('AYIRA M"&"INI MART FINAL MENU - Pr'!B18, ""^[^\x{0600}-\x{06FF}]+"")), ""[-–]+$"", """")), """"), GOOGLETRANSLATE('AYIRA MINI MART FINAL MENU - Pr'!B18, ""ar"", ""en"")))"),"CARbonated Soft Drinks") -> CARbonated Soft Drinks | C18: =IF('AYIRA MINI MART FINAL MENU - Pr'!C18="", "", 'AYIRA MINI MART FINAL MENU - Pr'!C18) -> 3.5 | D18: =IFERROR(__xludf.DUMMYFUNCTION("IF('AYIRA MINI MART FINAL MENU - Pr'!D18="""", """", GOOGLETRANSLATE('AYIRA MINI MART FINAL MENU - Pr'!D18, ""ar"", ""en""))"),"Enjoy Double Up, the refreshing soft drink that gives you energy and vitality with every drop. Its delicious taste and unique formula make it the perfect choice to quench your thirst anytime. Ideal for parties, family gatherings, and various occasions. It"&" boasts distinctive flavors that make every sip an unforgettable experience. Get it now from Aira Mini Mart at the best prices and highest quality. Our premium drink provides instant refreshment and satisfies your discerning palate whenever you need hydra"&"tion.") -> Enjoy Double Up, the refreshing soft drink that gives you energy and vitality with every drop. Its delicious taste and unique formula make it the perfect choice to quench your thirst anytime. Ideal for parties, family gatherings, and various occasions. It boasts distinctive flavors that make every sip an unforgettable experience. Get it now from Aira Mini Mart at the best prices and highest quality. Our premium drink provides instant refreshment and satisfies your discerning palate whenever you need hydration. | E18: =IF('AYIRA MINI MART FINAL MENU - Pr'!K18="", "", 'AYIRA MINI MART FINAL MENU - Pr'!K18) | L18: =IF('AYIRA MINI MART FINAL MENU - Pr'!L18="", "", 'AYIRA MINI MART FINAL MENU - Pr'!L18) | M18: =IF('AYIRA MINI MART FINAL MENU - Pr'!M18="", "", 'AYIRA MINI MART FINAL MENU - Pr'!M18) | N18: =IF('AYIRA MINI MART FINAL MENU - Pr'!N18="", "", 'AYIRA MINI MART FINAL MENU - Pr'!N18)
A19: =IFERROR(__xludf.DUMMYFUNCTION("IF('AYIRA MINI MART FINAL MENU - Pr'!A19="""", """", IF(LEN(IFERROR(TRIM(REGEXREPLACE(TRIM(REGEXEXTRACT('AYIRA MINI MART FINAL MENU - Pr'!A19, ""^[^\x{0600}-\x{06FF}]+"")), ""[-–]+$"", """")), """"))>0, IFERROR(TRIM(REGEXREPLACE(TRIM(REGEXEXTRACT('AYIRA M"&"INI MART FINAL MENU - Pr'!A19, ""^[^\x{0600}-\x{06FF}]+"")), ""[-–]+$"", """")), """"), GOOGLETRANSLATE('AYIRA MINI MART FINAL MENU - Pr'!A19, ""ar"", ""en"")))"),"RAYYAN Natural Water 330ml × 12") -> RAYYAN Natural Water 330ml × 12 | B19: =IFERROR(__xludf.DUMMYFUNCTION("IF('AYIRA MINI MART FINAL MENU - Pr'!B19="""", """", IF(LEN(IFERROR(TRIM(REGEXREPLACE(TRIM(REGEXEXTRACT('AYIRA MINI MART FINAL MENU - Pr'!B19, ""^[^\x{0600}-\x{06FF}]+"")), ""[-–]+$"", """")), """"))>0, IFERROR(TRIM(REGEXREPLACE(TRIM(REGEXEXTRACT('AYIRA M"&"INI MART FINAL MENU - Pr'!B19, ""^[^\x{0600}-\x{06FF}]+"")), ""[-–]+$"", """")), """"), GOOGLETRANSLATE('AYIRA MINI MART FINAL MENU - Pr'!B19, ""ar"", ""en"")))"),"Water") -> Water | C19: =IF('AYIRA MINI MART FINAL MENU - Pr'!C19="", "", 'AYIRA MINI MART FINAL MENU - Pr'!C19) -> 8 | D19: =IFERROR(__xludf.DUMMYFUNCTION("IF('AYIRA MINI MART FINAL MENU - Pr'!D19="""", """", GOOGLETRANSLATE('AYIRA MINI MART FINAL MENU - Pr'!D19, ""ar"", ""en""))"),"Drink Rayan, the pure water that restores your body's natural balance. Sourced from the purest natural sources and bottled to the highest standards of quality and hygiene to ensure it reaches you in perfect condition. Proper hydration is essential for a g"&"ood life, and choosing this water reflects your commitment to your well-being. Make sure to drink enough water daily to maintain your energy and vitality. Aira Mini Mart offers this premium water at competitive prices.") -> Drink Rayan, the pure water that restores your body's natural balance. Sourced from the purest natural sources and bottled to the highest standards of quality and hygiene to ensure it reaches you in perfect condition. Proper hydration is essential for a good life, and choosing this water reflects your commitment to your well-being. Make sure to drink enough water daily to maintain your energy and vitality. Aira Mini Mart offers this premium water at competitive prices. | E19: =IF('AYIRA MINI MART FINAL MENU - Pr'!K19="", "", 'AYIRA MINI MART FINAL MENU - Pr'!K19) | L19: =IF('AYIRA MINI MART FINAL MENU - Pr'!L19="", "", 'AYIRA MINI MART FINAL MENU - Pr'!L19) | M19: =IF('AYIRA MINI MART FINAL MENU - Pr'!M19="", "", 'AYIRA MINI MART FINAL MENU - Pr'!M19) | N19: =IF('AYIRA MINI MART FINAL MENU - Pr'!N19="", "", 'AYIRA MINI MART FINAL MENU - Pr'!N19)
A20: =IFERROR(__xludf.DUMMYFUNCTION("IF('AYIRA MINI MART FINAL MENU - Pr'!A20="""", """", IF(LEN(IFERROR(TRIM(REGEXREPLACE(TRIM(REGEXEXTRACT('AYIRA MINI MART FINAL MENU - Pr'!A20, ""^[^\x{0600}-\x{06FF}]+"")), ""[-–]+$"", """")), """"))>0, IFERROR(TRIM(REGEXREPLACE(TRIM(REGEXEXTRACT('AYIRA M"&"INI MART FINAL MENU - Pr'!A20, ""^[^\x{0600}-\x{06FF}]+"")), ""[-–]+$"", """")), """"), GOOGLETRANSLATE('AYIRA MINI MART FINAL MENU - Pr'!A20, ""ar"", ""en"")))"),"Rayyan Natural Water 1.5L x 6") -> Rayyan Natural Water 1.5L x 6 | B20: =IFERROR(__xludf.DUMMYFUNCTION("IF('AYIRA MINI MART FINAL MENU - Pr'!B20="""", """", IF(LEN(IFERROR(TRIM(REGEXREPLACE(TRIM(REGEXEXTRACT('AYIRA MINI MART FINAL MENU - Pr'!B20, ""^[^\x{0600}-\x{06FF}]+"")), ""[-–]+$"", """")), """"))>0, IFERROR(TRIM(REGEXREPLACE(TRIM(REGEXEXTRACT('AYIRA M"&"INI MART FINAL MENU - Pr'!B20, ""^[^\x{0600}-\x{06FF}]+"")), ""[-–]+$"", """")), """"), GOOGLETRANSLATE('AYIRA MINI MART FINAL MENU - Pr'!B20, ""ar"", ""en"")))"),"Water") -> Water | C20: =IF('AYIRA MINI MART FINAL MENU - Pr'!C20="", "", 'AYIRA MINI MART FINAL MENU - Pr'!C20) -> 7 | D20: =IFERROR(__xludf.DUMMYFUNCTION("IF('AYIRA MINI MART FINAL MENU - Pr'!D20="""", """", GOOGLETRANSLATE('AYIRA MINI MART FINAL MENU - Pr'!D20, ""ar"", ""en""))"),"Drink Rayan, the pure water that restores your body's natural balance. Sourced from the purest natural sources and bottled to the highest standards of quality and hygiene to ensure it reaches you in perfect condition. Proper hydration is essential for a g"&"ood life, and choosing this water reflects your commitment to your well-being. Make sure to drink enough water daily to maintain your energy and vitality. Aira Mini Mart offers this premium water at competitive prices.") -> Drink Rayan, the pure water that restores your body's natural balance. Sourced from the purest natural sources and bottled to the highest standards of quality and hygiene to ensure it reaches you in perfect condition. Proper hydration is essential for a good life, and choosing this water reflects your commitment to your well-being. Make sure to drink enough water daily to maintain your energy and vitality. Aira Mini Mart offers this premium water at competitive prices. | E20: =IF('AYIRA MINI MART FINAL MENU - Pr'!K20="", "", 'AYIRA MINI MART FINAL MENU - Pr'!K20) | L20: =IF('AYIRA MINI MART FINAL MENU - Pr'!L20="", "", 'AYIRA MINI MART FINAL MENU - Pr'!L20) | M20: =IF('AYIRA MINI MART FINAL MENU - Pr'!M20="", "", 'AYIRA MINI MART FINAL MENU - Pr'!M20) | N20: =IF('AYIRA MINI MART FINAL MENU - Pr'!N20="", "", 'AYIRA MINI MART FINAL MENU - Pr'!N20)
A21: =IFERROR(__xludf.DUMMYFUNCTION("IF('AYIRA MINI MART FINAL MENU - Pr'!A21="""", """", IF(LEN(IFERROR(TRIM(REGEXREPLACE(TRIM(REGEXEXTRACT('AYIRA MINI MART FINAL MENU - Pr'!A21, ""^[^\x{0600}-\x{06FF}]+"")), ""[-–]+$"", """")), """"))>0, IFERROR(TRIM(REGEXREPLACE(TRIM(REGEXEXTRACT('AYIRA M"&"INI MART FINAL MENU - Pr'!A21, ""^[^\x{0600}-\x{06FF}]+"")), ""[-–]+$"", """")), """"), GOOGLETRANSLATE('AYIRA MINI MART FINAL MENU - Pr'!A21, ""ar"", ""en"")))"),"Qatar Oasis Natural Water 1.5L x 6") -> Qatar Oasis Natural Water 1.5L x 6 | B21: =IFERROR(__xludf.DUMMYFUNCTION("IF('AYIRA MINI MART FINAL MENU - Pr'!B21="""", """", IF(LEN(IFERROR(TRIM(REGEXREPLACE(TRIM(REGEXEXTRACT('AYIRA MINI MART FINAL MENU - Pr'!B21, ""^[^\x{0600}-\x{06FF}]+"")), ""[-–]+$"", """")), """"))>0, IFERROR(TRIM(REGEXREPLACE(TRIM(REGEXEXTRACT('AYIRA M"&"INI MART FINAL MENU - Pr'!B21, ""^[^\x{0600}-\x{06FF}]+"")), ""[-–]+$"", """")), """"), GOOGLETRANSLATE('AYIRA MINI MART FINAL MENU - Pr'!B21, ""ar"", ""en"")))"),"Water") -> Water | C21: =IF('AYIRA MINI MART FINAL MENU - Pr'!C21="", "", 'AYIRA MINI MART FINAL MENU - Pr'!C21) -> 6 | D21: =IFERROR(__xludf.DUMMYFUNCTION("IF('AYIRA MINI MART FINAL MENU - Pr'!D21="""", """", GOOGLETRANSLATE('AYIRA MINI MART FINAL MENU - Pr'!D21, ""ar"", ""en""))"),"Drink Qatar Oasis Natural Water 1.5L x 6 – pure water that restores your body's natural balance. Extracted from the purest natural sources and bottled to the highest standards of quality and hygiene to ensure it reaches you in perfect condition. Proper hy"&"dration is essential for a good life, and choosing this water reflects your commitment to your health. Make sure to drink enough water daily to maintain your energy and vitality. Aira Mini Mart offers this premium water at competitive prices.") -> Drink Qatar Oasis Natural Water 1.5L x 6 – pure water that restores your body's natural balance. Extracted from the purest natural sources and bottled to the highest standards of quality and hygiene to ensure it reaches you in perfect condition. Proper hydration is essential for a good life, and choosing this water reflects your commitment to your health. Make sure to drink enough water daily to maintain your energy and vitality. Aira Mini Mart offers this premium water at competitive prices. | E21: =IF('AYIRA MINI MART FINAL MENU - Pr'!K21="", "", 'AYIRA MINI MART FINAL MENU - Pr'!K21) | L21: =IF('AYIRA MINI MART FINAL MENU - Pr'!L21="", "", 'AYIRA MINI MART FINAL MENU - Pr'!L21) | M21: =IF('AYIRA MINI MART FINAL MENU - Pr'!M21="", "", 'AYIRA MINI MART FINAL MENU - Pr'!M21) | N21: =IF('AYIRA MINI MART FINAL MENU - Pr'!N21="", "", 'AYIRA MINI MART FINAL MENU - Pr'!N21)
A22: =IFERROR(__xludf.DUMMYFUNCTION("IF('AYIRA MINI MART FINAL MENU - Pr'!A22="""", """", IF(LEN(IFERROR(TRIM(REGEXREPLACE(TRIM(REGEXEXTRACT('AYIRA MINI MART FINAL MENU - Pr'!A22, ""^[^\x{0600}-\x{06FF}]+"")), ""[-–]+$"", """")), """"))>0, IFERROR(TRIM(REGEXREPLACE(TRIM(REGEXEXTRACT('AYIRA M"&"INI MART FINAL MENU - Pr'!A22, ""^[^\x{0600}-\x{06FF}]+"")), ""[-–]+$"", """")), """"), GOOGLETRANSLATE('AYIRA MINI MART FINAL MENU - Pr'!A22, ""ar"", ""en"")))"),"Amwaj Mineral Water 1.5L x 6") -> Amwaj Mineral Water 1.5L x 6 | B22: =IFERROR(__xludf.DUMMYFUNCTION("IF('AYIRA MINI MART FINAL MENU - Pr'!B22="""", """", IF(LEN(IFERROR(TRIM(REGEXREPLACE(TRIM(REGEXEXTRACT('AYIRA MINI MART FINAL MENU - Pr'!B22, ""^[^\x{0600}-\x{06FF}]+"")), ""[-–]+$"", """")), """"))>0, IFERROR(TRIM(REGEXREPLACE(TRIM(REGEXEXTRACT('AYIRA M"&"INI MART FINAL MENU - Pr'!B22, ""^[^\x{0600}-\x{06FF}]+"")), ""[-–]+$"", """")), """"), GOOGLETRANSLATE('AYIRA MINI MART FINAL MENU - Pr'!B22, ""ar"", ""en"")))"),"Water") -> Water | C22: =IF('AYIRA MINI MART FINAL MENU - Pr'!C22="", "", 'AYIRA MINI MART FINAL MENU - Pr'!C22) -> 12 | D22: =IFERROR(__xludf.DUMMYFUNCTION("IF('AYIRA MINI MART FINAL MENU - Pr'!D22="""", """", GOOGLETRANSLATE('AYIRA MINI MART FINAL MENU - Pr'!D22, ""ar"", ""en""))"),"Drink Amwaj Mineral Water 1.5L x 6, pure water that restores your body's natural balance. Extracted from the purest natural sources and bottled to the highest standards of quality and hygiene to ensure it reaches you in perfect condition. Proper hydration"&" is essential for a good life, and choosing this water reflects your commitment to your health. Make sure to drink enough water daily to maintain your energy and vitality. Aira Mini Mart offers this excellent water at competitive prices.") -> Drink Amwaj Mineral Water 1.5L x 6, pure water that restores your body's natural balance. Extracted from the purest natural sources and bottled to the highest standards of quality and hygiene to ensure it reaches you in perfect condition. Proper hydration is essential for a good life, and choosing this water reflects your commitment to your health. Make sure to drink enough water daily to maintain your energy and vitality. Aira Mini Mart offers this excellent water at competitive prices. | E22: =IF('AYIRA MINI MART FINAL MENU - Pr'!K22="", "", 'AYIRA MINI MART FINAL MENU - Pr'!K22) | L22: =IF('AYIRA MINI MART FINAL MENU - Pr'!L22="", "", 'AYIRA MINI MART FINAL MENU - Pr'!L22) | M22: =IF('AYIRA MINI MART FINAL MENU - Pr'!M22="", "", 'AYIRA MINI MART FINAL MENU - Pr'!M22) | N22: =IF('AYIRA MINI MART FINAL MENU - Pr'!N22="", "", 'AYIRA MINI MART FINAL MENU - Pr'!N22)
A23: =IFERROR(__xludf.DUMMYFUNCTION("IF('AYIRA MINI MART FINAL MENU - Pr'!A23="""", """", IF(LEN(IFERROR(TRIM(REGEXREPLACE(TRIM(REGEXEXTRACT('AYIRA MINI MART FINAL MENU - Pr'!A23, ""^[^\x{0600}-\x{06FF}]+"")), ""[-–]+$"", """")), """"))>0, IFERROR(TRIM(REGEXREPLACE(TRIM(REGEXEXTRACT('AYIRA M"&"INI MART FINAL MENU - Pr'!A23, ""^[^\x{0600}-\x{06FF}]+"")), ""[-–]+$"", """")), """"), GOOGLETRANSLATE('AYIRA MINI MART FINAL MENU - Pr'!A23, ""ar"", ""en"")))"),"Amwaj Mineral Water 330ml x 30") -> Amwaj Mineral Water 330ml x 30 | B23: =IFERROR(__xludf.DUMMYFUNCTION("IF('AYIRA MINI MART FINAL MENU - Pr'!B23="""", """", IF(LEN(IFERROR(TRIM(REGEXREPLACE(TRIM(REGEXEXTRACT('AYIRA MINI MART FINAL MENU - Pr'!B23, ""^[^\x{0600}-\x{06FF}]+"")), ""[-–]+$"", """")), """"))>0, IFERROR(TRIM(REGEXREPLACE(TRIM(REGEXEXTRACT('AYIRA M"&"INI MART FINAL MENU - Pr'!B23, ""^[^\x{0600}-\x{06FF}]+"")), ""[-–]+$"", """")), """"), GOOGLETRANSLATE('AYIRA MINI MART FINAL MENU - Pr'!B23, ""ar"", ""en"")))"),"Water") -> Water | C23: =IF('AYIRA MINI MART FINAL MENU - Pr'!C23="", "", 'AYIRA MINI MART FINAL MENU - Pr'!C23) -> 12 | D23: =IFERROR(__xludf.DUMMYFUNCTION("IF('AYIRA MINI MART FINAL MENU - Pr'!D23="""", """", GOOGLETRANSLATE('AYIRA MINI MART FINAL MENU - Pr'!D23, ""ar"", ""en""))"),"Drink Amwaj Mineral Water 330ml x 300, pure water that restores your body's natural balance. Extracted from the purest natural sources and bottled to the highest standards of quality and hygiene to ensure it reaches you in perfect condition. Proper hydrat"&"ion is essential for a good life, and choosing this water reflects your commitment to your health. Make sure to drink enough water daily to maintain your energy and vitality. Aira Mini Mart offers this excellent water at competitive prices.") -> Drink Amwaj Mineral Water 330ml x 300, pure water that restores your body's natural balance. Extracted from the purest natural sources and bottled to the highest standards of quality and hygiene to ensure it reaches you in perfect condition. Proper hydration is essential for a good life, and choosing this water reflects your commitment to your health. Make sure to drink enough water daily to maintain your energy and vitality. Aira Mini Mart offers this excellent water at competitive prices. | E23: =IF('AYIRA MINI MART FINAL MENU - Pr'!K23="", "", 'AYIRA MINI MART FINAL MENU - Pr'!K23) | L23: =IF('AYIRA MINI MART FINAL MENU - Pr'!L23="", "", 'AYIRA MINI MART FINAL MENU - Pr'!L23) | M23: =IF('AYIRA MINI MART FINAL MENU - Pr'!M23="", "", 'AYIRA MINI MART FINAL MENU - Pr'!M23) | N23: =IF('AYIRA MINI MART FINAL MENU - Pr'!N23="", "", 'AYIRA MINI MART FINAL MENU - Pr'!N23)
A24: =IFERROR(__xludf.DUMMYFUNCTION("IF('AYIRA MINI MART FINAL MENU - Pr'!A24="""", """", IF(LEN(IFERROR(TRIM(REGEXREPLACE(TRIM(REGEXEXTRACT('AYIRA MINI MART FINAL MENU - Pr'!A24, ""^[^\x{0600}-\x{06FF}]+"")), ""[-–]+$"", """")), """"))>0, IFERROR(TRIM(REGEXREPLACE(TRIM(REGEXEXTRACT('AYIRA M"&"INI MART FINAL MENU - Pr'!A24, ""^[^\x{0600}-\x{06FF}]+"")), ""[-–]+$"", """")), """"), GOOGLETRANSLATE('AYIRA MINI MART FINAL MENU - Pr'!A24, ""ar"", ""en"")))"),"Rayyan Mineral Water 330ml x 30") -> Rayyan Mineral Water 330ml x 30 | B24: =IFERROR(__xludf.DUMMYFUNCTION("IF('AYIRA MINI MART FINAL MENU - Pr'!B24="""", """", IF(LEN(IFERROR(TRIM(REGEXREPLACE(TRIM(REGEXEXTRACT('AYIRA MINI MART FINAL MENU - Pr'!B24, ""^[^\x{0600}-\x{06FF}]+"")), ""[-–]+$"", """")), """"))>0, IFERROR(TRIM(REGEXREPLACE(TRIM(REGEXEXTRACT('AYIRA M"&"INI MART FINAL MENU - Pr'!B24, ""^[^\x{0600}-\x{06FF}]+"")), ""[-–]+$"", """")), """"), GOOGLETRANSLATE('AYIRA MINI MART FINAL MENU - Pr'!B24, ""ar"", ""en"")))"),"Water") -> Water | C24: =IF('AYIRA MINI MART FINAL MENU - Pr'!C24="", "", 'AYIRA MINI MART FINAL MENU - Pr'!C24) -> 15 | D24: =IFERROR(__xludf.DUMMYFUNCTION("IF('AYIRA MINI MART FINAL MENU - Pr'!D24="""", """", GOOGLETRANSLATE('AYIRA MINI MART FINAL MENU - Pr'!D24, ""ar"", ""en""))"),"Drink Rayan, the pure water that restores your body's natural balance. Sourced from the purest natural sources and bottled to the highest standards of quality and hygiene to ensure it reaches you in perfect condition. Proper hydration is essential for a g"&"ood life, and choosing this water reflects your commitment to your well-being. Make sure to drink enough water daily to maintain your energy and vitality. Aira Mini Mart offers this premium water at competitive prices.") -> Drink Rayan, the pure water that restores your body's natural balance. Sourced from the purest natural sources and bottled to the highest standards of quality and hygiene to ensure it reaches you in perfect condition. Proper hydration is essential for a good life, and choosing this water reflects your commitment to your well-being. Make sure to drink enough water daily to maintain your energy and vitality. Aira Mini Mart offers this premium water at competitive prices. | E24: =IF('AYIRA MINI MART FINAL MENU - Pr'!K24="", "", 'AYIRA MINI MART FINAL MENU - Pr'!K24) | L24: =IF('AYIRA MINI MART FINAL MENU - Pr'!L24="", "", 'AYIRA MINI MART FINAL MENU - Pr'!L24) | M24: =IF('AYIRA MINI MART FINAL MENU - Pr'!M24="", "", 'AYIRA MINI MART FINAL MENU - Pr'!M24) | N24: =IF('AYIRA MINI MART FINAL MENU - Pr'!N24="", "", 'AYIRA MINI MART FINAL MENU - Pr'!N24)
A25: =IFERROR(__xludf.DUMMYFUNCTION("IF('AYIRA MINI MART FINAL MENU - Pr'!A25="""", """", IF(LEN(IFERROR(TRIM(REGEXREPLACE(TRIM(REGEXEXTRACT('AYIRA MINI MART FINAL MENU - Pr'!A25, ""^[^\x{0600}-\x{06FF}]+"")), ""[-–]+$"", """")), """"))>0, IFERROR(TRIM(REGEXREPLACE(TRIM(REGEXEXTRACT('AYIRA M"&"INI MART FINAL MENU - Pr'!A25, ""^[^\x{0600}-\x{06FF}]+"")), ""[-–]+$"", """")), """"), GOOGLETRANSLATE('AYIRA MINI MART FINAL MENU - Pr'!A25, ""ar"", ""en"")))"),"Rayyan Mineral Water 200ml x 30") -> Rayyan Mineral Water 200ml x 30 | B25: =IFERROR(__xludf.DUMMYFUNCTION("IF('AYIRA MINI MART FINAL MENU - Pr'!B25="""", """", IF(LEN(IFERROR(TRIM(REGEXREPLACE(TRIM(REGEXEXTRACT('AYIRA MINI MART FINAL MENU - Pr'!B25, ""^[^\x{0600}-\x{06FF}]+"")), ""[-–]+$"", """")), """"))>0, IFERROR(TRIM(REGEXREPLACE(TRIM(REGEXEXTRACT('AYIRA M"&"INI MART FINAL MENU - Pr'!B25, ""^[^\x{0600}-\x{06FF}]+"")), ""[-–]+$"", """")), """"), GOOGLETRANSLATE('AYIRA MINI MART FINAL MENU - Pr'!B25, ""ar"", ""en"")))"),"Water") -> Water | C25: =IF('AYIRA MINI MART FINAL MENU - Pr'!C25="", "", 'AYIRA MINI MART FINAL MENU - Pr'!C25) -> 14 | D25: =IFERROR(__xludf.DUMMYFUNCTION("IF('AYIRA MINI MART FINAL MENU - Pr'!D25="""", """", GOOGLETRANSLATE('AYIRA MINI MART FINAL MENU - Pr'!D25, ""ar"", ""en""))"),"Drink Rayan, the pure water that restores your body's natural balance. Sourced from the purest natural sources and bottled to the highest standards of quality and hygiene to ensure it reaches you in perfect condition. Proper hydration is essential for a g"&"ood life, and choosing this water reflects your commitment to your well-being. Make sure to drink enough water daily to maintain your energy and vitality. Aira Mini Mart offers this premium water at competitive prices.") -> Drink Rayan, the pure water that restores your body's natural balance. Sourced from the purest natural sources and bottled to the highest standards of quality and hygiene to ensure it reaches you in perfect condition. Proper hydration is essential for a good life, and choosing this water reflects your commitment to your well-being. Make sure to drink enough water daily to maintain your energy and vitality. Aira Mini Mart offers this premium water at competitive prices. | E25: =IF('AYIRA MINI MART FINAL MENU - Pr'!K25="", "", 'AYIRA MINI MART FINAL MENU - Pr'!K25) | L25: =IF('AYIRA MINI MART FINAL MENU - Pr'!L25="", "", 'AYIRA MINI MART FINAL MENU - Pr'!L25) | M25: =IF('AYIRA MINI MART FINAL MENU - Pr'!M25="", "", 'AYIRA MINI MART FINAL MENU - Pr'!M25) | N25: =IF('AYIRA MINI MART FINAL MENU - Pr'!N25="", "", 'AYIRA MINI MART FINAL MENU - Pr'!N25)
A26: =IFERROR(__xludf.DUMMYFUNCTION("IF('AYIRA MINI MART FINAL MENU - Pr'!A26="""", """", IF(LEN(IFERROR(TRIM(REGEXREPLACE(TRIM(REGEXEXTRACT('AYIRA MINI MART FINAL MENU - Pr'!A26, ""^[^\x{0600}-\x{06FF}]+"")), ""[-–]+$"", """")), """"))>0, IFERROR(TRIM(REGEXREPLACE(TRIM(REGEXEXTRACT('AYIRA M"&"INI MART FINAL MENU - Pr'!A26, ""^[^\x{0600}-\x{06FF}]+"")), ""[-–]+$"", """")), """"), GOOGLETRANSLATE('AYIRA MINI MART FINAL MENU - Pr'!A26, ""ar"", ""en"")))"),"Rayyan Natural Water 330ml x 12") -> Rayyan Natural Water 330ml x 12 | B26: =IFERROR(__xludf.DUMMYFUNCTION("IF('AYIRA MINI MART FINAL MENU - Pr'!B26="""", """", IF(LEN(IFERROR(TRIM(REGEXREPLACE(TRIM(REGEXEXTRACT('AYIRA MINI MART FINAL MENU - Pr'!B26, ""^[^\x{0600}-\x{06FF}]+"")), ""[-–]+$"", """")), """"))>0, IFERROR(TRIM(REGEXREPLACE(TRIM(REGEXEXTRACT('AYIRA M"&"INI MART FINAL MENU - Pr'!B26, ""^[^\x{0600}-\x{06FF}]+"")), ""[-–]+$"", """")), """"), GOOGLETRANSLATE('AYIRA MINI MART FINAL MENU - Pr'!B26, ""ar"", ""en"")))"),"Water") -> Water | C26: =IF('AYIRA MINI MART FINAL MENU - Pr'!C26="", "", 'AYIRA MINI MART FINAL MENU - Pr'!C26) -> 8 | D26: =IFERROR(__xludf.DUMMYFUNCTION("IF('AYIRA MINI MART FINAL MENU - Pr'!D26="""", """", GOOGLETRANSLATE('AYIRA MINI MART FINAL MENU - Pr'!D26, ""ar"", ""en""))"),"Drink Rayan, the pure water that restores your body's natural balance. Sourced from the purest natural sources and bottled to the highest standards of quality and hygiene to ensure it reaches you in perfect condition. Proper hydration is essential for a g"&"ood life, and choosing this water reflects your commitment to your well-being. Make sure to drink enough water daily to maintain your energy and vitality. Aira Mini Mart offers this premium water at competitive prices.") -> Drink Rayan, the pure water that restores your body's natural balance. Sourced from the purest natural sources and bottled to the highest standards of quality and hygiene to ensure it reaches you in perfect condition. Proper hydration is essential for a good life, and choosing this water reflects your commitment to your well-being. Make sure to drink enough water daily to maintain your energy and vitality. Aira Mini Mart offers this premium water at competitive prices. | E26: =IF('AYIRA MINI MART FINAL MENU - Pr'!K26="", "", 'AYIRA MINI MART FINAL MENU - Pr'!K26) | L26: =IF('AYIRA MINI MART FINAL MENU - Pr'!L26="", "", 'AYIRA MINI MART FINAL MENU - Pr'!L26) | M26: =IF('AYIRA MINI MART FINAL MENU - Pr'!M26="", "", 'AYIRA MINI MART FINAL MENU - Pr'!M26) | N26: =IF('AYIRA MINI MART FINAL MENU - Pr'!N26="", "", 'AYIRA MINI MART FINAL MENU - Pr'!N26)
A27: =IFERROR(__xludf.DUMMYFUNCTION("IF('AYIRA MINI MART FINAL MENU - Pr'!A27="""", """", IF(LEN(IFERROR(TRIM(REGEXREPLACE(TRIM(REGEXEXTRACT('AYIRA MINI MART FINAL MENU - Pr'!A27, ""^[^\x{0600}-\x{06FF}]+"")), ""[-–]+$"", """")), """"))>0, IFERROR(TRIM(REGEXREPLACE(TRIM(REGEXEXTRACT('AYIRA M"&"INI MART FINAL MENU - Pr'!A27, ""^[^\x{0600}-\x{06FF}]+"")), ""[-–]+$"", """")), """"), GOOGLETRANSLATE('AYIRA MINI MART FINAL MENU - Pr'!A27, ""ar"", ""en"")))"),"Rayyan Alkaline Mineral Water 1.5L x 6") -> Rayyan Alkaline Mineral Water 1.5L x 6 | B27: =IFERROR(__xludf.DUMMYFUNCTION("IF('AYIRA MINI MART FINAL MENU - Pr'!B27="""", """", IF(LEN(IFERROR(TRIM(REGEXREPLACE(TRIM(REGEXEXTRACT('AYIRA MINI MART FINAL MENU - Pr'!B27, ""^[^\x{0600}-\x{06FF}]+"")), ""[-–]+$"", """")), """"))>0, IFERROR(TRIM(REGEXREPLACE(TRIM(REGEXEXTRACT('AYIRA M"&"INI MART FINAL MENU - Pr'!B27, ""^[^\x{0600}-\x{06FF}]+"")), ""[-–]+$"", """")), """"), GOOGLETRANSLATE('AYIRA MINI MART FINAL MENU - Pr'!B27, ""ar"", ""en"")))"),"Water") -> Water | C27: =IF('AYIRA MINI MART FINAL MENU - Pr'!C27="", "", 'AYIRA MINI MART FINAL MENU - Pr'!C27) -> 9 | D27: =IFERROR(__xludf.DUMMYFUNCTION("IF('AYIRA MINI MART FINAL MENU - Pr'!D27="""", """", GOOGLETRANSLATE('AYIRA MINI MART FINAL MENU - Pr'!D27, ""ar"", ""en""))"),"Drink Rayan, the pure water that restores your body's natural balance. Sourced from the purest natural sources and bottled to the highest standards of quality and hygiene to ensure it reaches you in perfect condition. Proper hydration is essential for a g"&"ood life, and choosing this water reflects your commitment to your well-being. Make sure to drink enough water daily to maintain your energy and vitality. Aira Mini Mart offers this premium water at competitive prices.") -> Drink Rayan, the pure water that restores your body's natural balance. Sourced from the purest natural sources and bottled to the highest standards of quality and hygiene to ensure it reaches you in perfect condition. Proper hydration is essential for a good life, and choosing this water reflects your commitment to your well-being. Make sure to drink enough water daily to maintain your energy and vitality. Aira Mini Mart offers this premium water at competitive prices. | E27: =IF('AYIRA MINI MART FINAL MENU - Pr'!K27="", "", 'AYIRA MINI MART FINAL MENU - Pr'!K27) | L27: =IF('AYIRA MINI MART FINAL MENU - Pr'!L27="", "", 'AYIRA MINI MART FINAL MENU - Pr'!L27) | M27: =IF('AYIRA MINI MART FINAL MENU - Pr'!M27="", "", 'AYIRA MINI MART FINAL MENU - Pr'!M27) | N27: =IF('AYIRA MINI MART FINAL MENU - Pr'!N27="", "", 'AYIRA MINI MART FINAL MENU - Pr'!N27)
A28: =IFERROR(__xludf.DUMMYFUNCTION("IF('AYIRA MINI MART FINAL MENU - Pr'!A28="""", """", IF(LEN(IFERROR(TRIM(REGEXREPLACE(TRIM(REGEXEXTRACT('AYIRA MINI MART FINAL MENU - Pr'!A28, ""^[^\x{0600}-\x{06FF}]+"")), ""[-–]+$"", """")), """"))>0, IFERROR(TRIM(REGEXREPLACE(TRIM(REGEXEXTRACT('AYIRA M"&"INI MART FINAL MENU - Pr'!A28, ""^[^\x{0600}-\x{06FF}]+"")), ""[-–]+$"", """")), """"), GOOGLETRANSLATE('AYIRA MINI MART FINAL MENU - Pr'!A28, ""ar"", ""en"")))"),"Arwa Water 12pcs") -> Arwa Water 12pcs | B28: =IFERROR(__xludf.DUMMYFUNCTION("IF('AYIRA MINI MART FINAL MENU - Pr'!B28="""", """", IF(LEN(IFERROR(TRIM(REGEXREPLACE(TRIM(REGEXEXTRACT('AYIRA MINI MART FINAL MENU - Pr'!B28, ""^[^\x{0600}-\x{06FF}]+"")), ""[-–]+$"", """")), """"))>0, IFERROR(TRIM(REGEXREPLACE(TRIM(REGEXEXTRACT('AYIRA M"&"INI MART FINAL MENU - Pr'!B28, ""^[^\x{0600}-\x{06FF}]+"")), ""[-–]+$"", """")), """"), GOOGLETRANSLATE('AYIRA MINI MART FINAL MENU - Pr'!B28, ""ar"", ""en"")))"),"Water") -> Water | C28: =IF('AYIRA MINI MART FINAL MENU - Pr'!C28="", "", 'AYIRA MINI MART FINAL MENU - Pr'!C28) -> 9 | D28: =IFERROR(__xludf.DUMMYFUNCTION("IF('AYIRA MINI MART FINAL MENU - Pr'!D28="""", """", GOOGLETRANSLATE('AYIRA MINI MART FINAL MENU - Pr'!D28, ""ar"", ""en""))"),"") | E28: =IF('AYIRA MINI MART FINAL MENU - Pr'!K28="", "", 'AYIRA MINI MART FINAL MENU - Pr'!K28) | L28: =IF('AYIRA MINI MART FINAL MENU - Pr'!L28="", "", 'AYIRA MINI MART FINAL MENU - Pr'!L28) | M28: =IF('AYIRA MINI MART FINAL MENU - Pr'!M28="", "", 'AYIRA MINI MART FINAL MENU - Pr'!M28) | N28: =IF('AYIRA MINI MART FINAL MENU - Pr'!N28="", "", 'AYIRA MINI MART FINAL MENU - Pr'!N28)
A29: =IFERROR(__xludf.DUMMYFUNCTION("IF('AYIRA MINI MART FINAL MENU - Pr'!A29="""", """", IF(LEN(IFERROR(TRIM(REGEXREPLACE(TRIM(REGEXEXTRACT('AYIRA MINI MART FINAL MENU - Pr'!A29, ""^[^\x{0600}-\x{06FF}]+"")), ""[-–]+$"", """")), """"))>0, IFERROR(TRIM(REGEXREPLACE(TRIM(REGEXEXTRACT('AYIRA M"&"INI MART FINAL MENU - Pr'!A29, ""^[^\x{0600}-\x{06FF}]+"")), ""[-–]+$"", """")), """"), GOOGLETRANSLATE('AYIRA MINI MART FINAL MENU - Pr'!A29, ""ar"", ""en"")))"),"Pran Basil Seed Lychee 250 ml") -> Pran Basil Seed Lychee 250 ml | B29: =IFERROR(__xludf.DUMMYFUNCTION("IF('AYIRA MINI MART FINAL MENU - Pr'!B29="""", """", IF(LEN(IFERROR(TRIM(REGEXREPLACE(TRIM(REGEXEXTRACT('AYIRA MINI MART FINAL MENU - Pr'!B29, ""^[^\x{0600}-\x{06FF}]+"")), ""[-–]+$"", """")), """"))>0, IFERROR(TRIM(REGEXREPLACE(TRIM(REGEXEXTRACT('AYIRA M"&"INI MART FINAL MENU - Pr'!B29, ""^[^\x{0600}-\x{06FF}]+"")), ""[-–]+$"", """")), """"), GOOGLETRANSLATE('AYIRA MINI MART FINAL MENU - Pr'!B29, ""ar"", ""en"")))"),"Juices & Fruit Drinks") -> Juices & Fruit Drinks | C29: =IF('AYIRA MINI MART FINAL MENU - Pr'!C29="", "", 'AYIRA MINI MART FINAL MENU - Pr'!C29) -> 2 | D29: =IFERROR(__xludf.DUMMYFUNCTION("IF('AYIRA MINI MART FINAL MENU - Pr'!D29="""", """", GOOGLETRANSLATE('AYIRA MINI MART FINAL MENU - Pr'!D29, ""ar"", ""en""))"),"Discover Pran Basil Seed Lychee 250ml, a premium product that combines high quality with great value. Made to the highest standards of quality and safety to ensure your complete satisfaction every time. Its excellent qualities make it the perfect choice f"&"or you and your family. Whether for everyday use or special occasions, it meets and exceeds your expectations. Get it now from Aira Mini Mart and enjoy a pleasant and reliable shopping experience.") -> Discover Pran Basil Seed Lychee 250ml, a premium product that combines high quality with great value. Made to the highest standards of quality and safety to ensure your complete satisfaction every time. Its excellent qualities make it the perfect choice for you and your family. Whether for everyday use or special occasions, it meets and exceeds your expectations. Get it now from Aira Mini Mart and enjoy a pleasant and reliable shopping experience. | E29: =IF('AYIRA MINI MART FINAL MENU - Pr'!K29="", "", 'AYIRA MINI MART FINAL MENU - Pr'!K29) | L29: =IF('AYIRA MINI MART FINAL MENU - Pr'!L29="", "", 'AYIRA MINI MART FINAL MENU - Pr'!L29) | M29: =IF('AYIRA MINI MART FINAL MENU - Pr'!M29="", "", 'AYIRA MINI MART FINAL MENU - Pr'!M29) | N29: =IF('AYIRA MINI MART FINAL MENU - Pr'!N29="", "", 'AYIRA MINI MART FINAL MENU - Pr'!N29)
A30: =IFERROR(__xludf.DUMMYFUNCTION("IF('AYIRA MINI MART FINAL MENU - Pr'!A30="""", """", IF(LEN(IFERROR(TRIM(REGEXREPLACE(TRIM(REGEXEXTRACT('AYIRA MINI MART FINAL MENU - Pr'!A30, ""^[^\x{0600}-\x{06FF}]+"")), ""[-–]+$"", """")), """"))>0, IFERROR(TRIM(REGEXREPLACE(TRIM(REGEXEXTRACT('AYIRA M"&"INI MART FINAL MENU - Pr'!A30, ""^[^\x{0600}-\x{06FF}]+"")), ""[-–]+$"", """")), """"), GOOGLETRANSLATE('AYIRA MINI MART FINAL MENU - Pr'!A30, ""ar"", ""en"")))"),"KDD Cocktail Fruit Drink 250ml") -> KDD Cocktail Fruit Drink 250ml | B30: =IFERROR(__xludf.DUMMYFUNCTION("IF('AYIRA MINI MART FINAL MENU - Pr'!B30="""", """", IF(LEN(IFERROR(TRIM(REGEXREPLACE(TRIM(REGEXEXTRACT('AYIRA MINI MART FINAL MENU - Pr'!B30, ""^[^\x{0600}-\x{06FF}]+"")), ""[-–]+$"", """")), """"))>0, IFERROR(TRIM(REGEXREPLACE(TRIM(REGEXEXTRACT('AYIRA M"&"INI MART FINAL MENU - Pr'!B30, ""^[^\x{0600}-\x{06FF}]+"")), ""[-–]+$"", """")), """"), GOOGLETRANSLATE('AYIRA MINI MART FINAL MENU - Pr'!B30, ""ar"", ""en"")))"),"Juices & Fruit Drinks") -> Juices & Fruit Drinks | C30: =IF('AYIRA MINI MART FINAL MENU - Pr'!C30="", "", 'AYIRA MINI MART FINAL MENU - Pr'!C30) -> 2 | D30: =IFERROR(__xludf.DUMMYFUNCTION("IF('AYIRA MINI MART FINAL MENU - Pr'!D30="""", """", GOOGLETRANSLATE('AYIRA MINI MART FINAL MENU - Pr'!D30, ""ar"", ""en""))"),"Enjoy KDD, the refreshing soft drink that gives you energy and vitality with every drop. Its great taste and unique formula make it the perfect choice to quench your thirst anytime. Ideal for parties, family gatherings, and various occasions. It boasts di"&"stinctive flavors that make every sip an unforgettable experience. Get it now from Aira Mini Mart at the best prices and highest quality. Our premium drink provides instant refreshment and satisfies your discerning palate whenever you need hydration.") -> Enjoy KDD, the refreshing soft drink that gives you energy and vitality with every drop. Its great taste and unique formula make it the perfect choice to quench your thirst anytime. Ideal for parties, family gatherings, and various occasions. It boasts distinctive flavors that make every sip an unforgettable experience. Get it now from Aira Mini Mart at the best prices and highest quality. Our premium drink provides instant refreshment and satisfies your discerning palate whenever you need hydration. | E30: =IF('AYIRA MINI MART FINAL MENU - Pr'!K30="", "", 'AYIRA MINI MART FINAL MENU - Pr'!K30) | L30: =IF('AYIRA MINI MART FINAL MENU - Pr'!L30="", "", 'AYIRA MINI MART FINAL MENU - Pr'!L30) | M30: =IF('AYIRA MINI MART FINAL MENU - Pr'!M30="", "", 'AYIRA MINI MART FINAL MENU - Pr'!M30) | N30: =IF('AYIRA MINI MART FINAL MENU - Pr'!N30="", "", 'AYIRA MINI MART FINAL MENU - Pr'!N30)
A31: =IFERROR(__xludf.DUMMYFUNCTION("IF('AYIRA MINI MART FINAL MENU - Pr'!A31="""", """", IF(LEN(IFERROR(TRIM(REGEXREPLACE(TRIM(REGEXEXTRACT('AYIRA MINI MART FINAL MENU - Pr'!A31, ""^[^\x{0600}-\x{06FF}]+"")), ""[-–]+$"", """")), """"))>0, IFERROR(TRIM(REGEXREPLACE(TRIM(REGEXEXTRACT('AYIRA M"&"INI MART FINAL MENU - Pr'!A31, ""^[^\x{0600}-\x{06FF}]+"")), ""[-–]+$"", """")), """"), GOOGLETRANSLATE('AYIRA MINI MART FINAL MENU - Pr'!A31, ""ar"", ""en"")))"),"KDD Cherry Drink 250 ml") -> KDD Cherry Drink 250 ml | B31: =IFERROR(__xludf.DUMMYFUNCTION("IF('AYIRA MINI MART FINAL MENU - Pr'!B31="""", """", IF(LEN(IFERROR(TRIM(REGEXREPLACE(TRIM(REGEXEXTRACT('AYIRA MINI MART FINAL MENU - Pr'!B31, ""^[^\x{0600}-\x{06FF}]+"")), ""[-–]+$"", """")), """"))>0, IFERROR(TRIM(REGEXREPLACE(TRIM(REGEXEXTRACT('AYIRA M"&"INI MART FINAL MENU - Pr'!B31, ""^[^\x{0600}-\x{06FF}]+"")), ""[-–]+$"", """")), """"), GOOGLETRANSLATE('AYIRA MINI MART FINAL MENU - Pr'!B31, ""ar"", ""en"")))"),"Juices & Fruit Drinks") -> Juices & Fruit Drinks | C31: =IF('AYIRA MINI MART FINAL MENU - Pr'!C31="", "", 'AYIRA MINI MART FINAL MENU - Pr'!C31) -> 2.5 | D31: =IFERROR(__xludf.DUMMYFUNCTION("IF('AYIRA MINI MART FINAL MENU - Pr'!D31="""", """", GOOGLETRANSLATE('AYIRA MINI MART FINAL MENU - Pr'!D31, ""ar"", ""en""))"),"Enjoy KDD, the refreshing soft drink that gives you energy and vitality with every drop. Its great taste and unique formula make it the perfect choice to quench your thirst anytime. Ideal for parties, family gatherings, and various occasions. It boasts di"&"stinctive flavors that make every sip an unforgettable experience. Get it now from Aira Mini Mart at the best prices and highest quality. Our premium drink provides instant refreshment and satisfies your discerning palate whenever you need hydration.") -> Enjoy KDD, the refreshing soft drink that gives you energy and vitality with every drop. Its great taste and unique formula make it the perfect choice to quench your thirst anytime. Ideal for parties, family gatherings, and various occasions. It boasts distinctive flavors that make every sip an unforgettable experience. Get it now from Aira Mini Mart at the best prices and highest quality. Our premium drink provides instant refreshment and satisfies your discerning palate whenever you need hydration. | E31: =IF('AYIRA MINI MART FINAL MENU - Pr'!K31="", "", 'AYIRA MINI MART FINAL MENU - Pr'!K31) | L31: =IF('AYIRA MINI MART FINAL MENU - Pr'!L31="", "", 'AYIRA MINI MART FINAL MENU - Pr'!L31) | M31: =IF('AYIRA MINI MART FINAL MENU - Pr'!M31="", "", 'AYIRA MINI MART FINAL MENU - Pr'!M31) | N31: =IF('AYIRA MINI MART FINAL MENU - Pr'!N31="", "", 'AYIRA MINI MART FINAL MENU - Pr'!N31)
A32: =IFERROR(__xludf.DUMMYFUNCTION("IF('AYIRA MINI MART FINAL MENU - Pr'!A32="""", """", IF(LEN(IFERROR(TRIM(REGEXREPLACE(TRIM(REGEXEXTRACT('AYIRA MINI MART FINAL MENU - Pr'!A32, ""^[^\x{0600}-\x{06FF}]+"")), ""[-–]+$"", """")), """"))>0, IFERROR(TRIM(REGEXREPLACE(TRIM(REGEXEXTRACT('AYIRA M"&"INI MART FINAL MENU - Pr'!A32, ""^[^\x{0600}-\x{06FF}]+"")), ""[-–]+$"", """")), """"), GOOGLETRANSLATE('AYIRA MINI MART FINAL MENU - Pr'!A32, ""ar"", ""en"")))"),"KDD Guava Nectar 250 ml") -> KDD Guava Nectar 250 ml | B32: =IFERROR(__xludf.DUMMYFUNCTION("IF('AYIRA MINI MART FINAL MENU - Pr'!B32="""", """", IF(LEN(IFERROR(TRIM(REGEXREPLACE(TRIM(REGEXEXTRACT('AYIRA MINI MART FINAL MENU - Pr'!B32, ""^[^\x{0600}-\x{06FF}]+"")), ""[-–]+$"", """")), """"))>0, IFERROR(TRIM(REGEXREPLACE(TRIM(REGEXEXTRACT('AYIRA M"&"INI MART FINAL MENU - Pr'!B32, ""^[^\x{0600}-\x{06FF}]+"")), ""[-–]+$"", """")), """"), GOOGLETRANSLATE('AYIRA MINI MART FINAL MENU - Pr'!B32, ""ar"", ""en"")))"),"Juices & Fruit Drinks") -> Juices & Fruit Drinks | C32: =IF('AYIRA MINI MART FINAL MENU - Pr'!C32="", "", 'AYIRA MINI MART FINAL MENU - Pr'!C32) -> 2.5 | D32: =IFERROR(__xludf.DUMMYFUNCTION("IF('AYIRA MINI MART FINAL MENU - Pr'!D32="""", """", GOOGLETRANSLATE('AYIRA MINI MART FINAL MENU - Pr'!D32, ""ar"", ""en""))"),"Take care of your health with KDD, a fresh juice packed with essential vitamins and minerals. Made from carefully selected, high-quality fruits for a delicious taste and superior nutritional value. It provides natural energy and boosts your immune system "&"thanks to its rich composition. Perfect for your daily breakfast or as a healthy drink anytime. Order now from Aira Mini Mart and enjoy every drop of this delicious and nutritious juice.") -> Take care of your health with KDD, a fresh juice packed with essential vitamins and minerals. Made from carefully selected, high-quality fruits for a delicious taste and superior nutritional value. It provides natural energy and boosts your immune system thanks to its rich composition. Perfect for your daily breakfast or as a healthy drink anytime. Order now from Aira Mini Mart and enjoy every drop of this delicious and nutritious juice. | E32: =IF('AYIRA MINI MART FINAL MENU - Pr'!K32="", "", 'AYIRA MINI MART FINAL MENU - Pr'!K32) | L32: =IF('AYIRA MINI MART FINAL MENU - Pr'!L32="", "", 'AYIRA MINI MART FINAL MENU - Pr'!L32) | M32: =IF('AYIRA MINI MART FINAL MENU - Pr'!M32="", "", 'AYIRA MINI MART FINAL MENU - Pr'!M32) | N32: =IF('AYIRA MINI MART FINAL MENU - Pr'!N32="", "", 'AYIRA MINI MART FINAL MENU - Pr'!N32)
A33: =IFERROR(__xludf.DUMMYFUNCTION("IF('AYIRA MINI MART FINAL MENU - Pr'!A33="""", """", IF(LEN(IFERROR(TRIM(REGEXREPLACE(TRIM(REGEXEXTRACT('AYIRA MINI MART FINAL MENU - Pr'!A33, ""^[^\x{0600}-\x{06FF}]+"")), ""[-–]+$"", """")), """"))>0, IFERROR(TRIM(REGEXREPLACE(TRIM(REGEXEXTRACT('AYIRA M"&"INI MART FINAL MENU - Pr'!A33, ""^[^\x{0600}-\x{06FF}]+"")), ""[-–]+$"", """")), """"), GOOGLETRANSLATE('AYIRA MINI MART FINAL MENU - Pr'!A33, ""ar"", ""en"")))"),"KDD Mango Nectar 250 ml") -> KDD Mango Nectar 250 ml | B33: =IFERROR(__xludf.DUMMYFUNCTION("IF('AYIRA MINI MART FINAL MENU - Pr'!B33="""", """", IF(LEN(IFERROR(TRIM(REGEXREPLACE(TRIM(REGEXEXTRACT('AYIRA MINI MART FINAL MENU - Pr'!B33, ""^[^\x{0600}-\x{06FF}]+"")), ""[-–]+$"", """")), """"))>0, IFERROR(TRIM(REGEXREPLACE(TRIM(REGEXEXTRACT('AYIRA M"&"INI MART FINAL MENU - Pr'!B33, ""^[^\x{0600}-\x{06FF}]+"")), ""[-–]+$"", """")), """"), GOOGLETRANSLATE('AYIRA MINI MART FINAL MENU - Pr'!B33, ""ar"", ""en"")))"),"Juices & Fruit Drinks") -> Juices & Fruit Drinks | C33: =IF('AYIRA MINI MART FINAL MENU - Pr'!C33="", "", 'AYIRA MINI MART FINAL MENU - Pr'!C33) -> 2.5 | D33: =IFERROR(__xludf.DUMMYFUNCTION("IF('AYIRA MINI MART FINAL MENU - Pr'!D33="""", """", GOOGLETRANSLATE('AYIRA MINI MART FINAL MENU - Pr'!D33, ""ar"", ""en""))"),"Take care of your health with KDD, a fresh juice packed with essential vitamins and minerals. Made from carefully selected, high-quality fruits for a delicious taste and superior nutritional value. It provides natural energy and boosts your immune system "&"thanks to its rich composition. Perfect for your daily breakfast or as a healthy drink anytime. Order now from Aira Mini Mart and enjoy every drop of this delicious and nutritious juice.") -> Take care of your health with KDD, a fresh juice packed with essential vitamins and minerals. Made from carefully selected, high-quality fruits for a delicious taste and superior nutritional value. It provides natural energy and boosts your immune system thanks to its rich composition. Perfect for your daily breakfast or as a healthy drink anytime. Order now from Aira Mini Mart and enjoy every drop of this delicious and nutritious juice. | E33: =IF('AYIRA MINI MART FINAL MENU - Pr'!K33="", "", 'AYIRA MINI MART FINAL MENU - Pr'!K33) | L33: =IF('AYIRA MINI MART FINAL MENU - Pr'!L33="", "", 'AYIRA MINI MART FINAL MENU - Pr'!L33) | M33: =IF('AYIRA MINI MART FINAL MENU - Pr'!M33="", "", 'AYIRA MINI MART FINAL MENU - Pr'!M33) | N33: =IF('AYIRA MINI MART FINAL MENU - Pr'!N33="", "", 'AYIRA MINI MART FINAL MENU - Pr'!N33)
A34: =IFERROR(__xludf.DUMMYFUNCTION("IF('AYIRA MINI MART FINAL MENU - Pr'!A34="""", """", IF(LEN(IFERROR(TRIM(REGEXREPLACE(TRIM(REGEXEXTRACT('AYIRA MINI MART FINAL MENU - Pr'!A34, ""^[^\x{0600}-\x{06FF}]+"")), ""[-–]+$"", """")), """"))>0, IFERROR(TRIM(REGEXREPLACE(TRIM(REGEXEXTRACT('AYIRA M"&"INI MART FINAL MENU - Pr'!A34, ""^[^\x{0600}-\x{06FF}]+"")), ""[-–]+$"", """")), """"), GOOGLETRANSLATE('AYIRA MINI MART FINAL MENU - Pr'!A34, ""ar"", ""en"")))"),"KDD 100% Pineapple Juice 250 ml") -> KDD 100% Pineapple Juice 250 ml | B34: =IFERROR(__xludf.DUMMYFUNCTION("IF('AYIRA MINI MART FINAL MENU - Pr'!B34="""", """", IF(LEN(IFERROR(TRIM(REGEXREPLACE(TRIM(REGEXEXTRACT('AYIRA MINI MART FINAL MENU - Pr'!B34, ""^[^\x{0600}-\x{06FF}]+"")), ""[-–]+$"", """")), """"))>0, IFERROR(TRIM(REGEXREPLACE(TRIM(REGEXEXTRACT('AYIRA M"&"INI MART FINAL MENU - Pr'!B34, ""^[^\x{0600}-\x{06FF}]+"")), ""[-–]+$"", """")), """"), GOOGLETRANSLATE('AYIRA MINI MART FINAL MENU - Pr'!B34, ""ar"", ""en"")))"),"Juices & Fruit Drinks") -> Juices & Fruit Drinks | C34: =IF('AYIRA MINI MART FINAL MENU - Pr'!C34="", "", 'AYIRA MINI MART FINAL MENU - Pr'!C34) -> 2.5 | D34: =IFERROR(__xludf.DUMMYFUNCTION("IF('AYIRA MINI MART FINAL MENU - Pr'!D34="""", """", GOOGLETRANSLATE('AYIRA MINI MART FINAL MENU - Pr'!D34, ""ar"", ""en""))"),"Take care of your health with KDD, a fresh juice packed with essential vitamins and minerals. Made from carefully selected, high-quality fruits for a delicious taste and superior nutritional value. It provides natural energy and boosts your immune system "&"thanks to its rich composition. Perfect for your daily breakfast or as a healthy drink anytime. Order now from Aira Mini Mart and enjoy every drop of this delicious and nutritious juice.") -> Take care of your health with KDD, a fresh juice packed with essential vitamins and minerals. Made from carefully selected, high-quality fruits for a delicious taste and superior nutritional value. It provides natural energy and boosts your immune system thanks to its rich composition. Perfect for your daily breakfast or as a healthy drink anytime. Order now from Aira Mini Mart and enjoy every drop of this delicious and nutritious juice. | E34: =IF('AYIRA MINI MART FINAL MENU - Pr'!K34="", "", 'AYIRA MINI MART FINAL MENU - Pr'!K34) | L34: =IF('AYIRA MINI MART FINAL MENU - Pr'!L34="", "", 'AYIRA MINI MART FINAL MENU - Pr'!L34) | M34: =IF('AYIRA MINI MART FINAL MENU - Pr'!M34="", "", 'AYIRA MINI MART FINAL MENU - Pr'!M34) | N34: =IF('AYIRA MINI MART FINAL MENU - Pr'!N34="", "", 'AYIRA MINI MART FINAL MENU - Pr'!N34)
A35: =IFERROR(__xludf.DUMMYFUNCTION("IF('AYIRA MINI MART FINAL MENU - Pr'!A35="""", """", IF(LEN(IFERROR(TRIM(REGEXREPLACE(TRIM(REGEXEXTRACT('AYIRA MINI MART FINAL MENU - Pr'!A35, ""^[^\x{0600}-\x{06FF}]+"")), ""[-–]+$"", """")), """"))>0, IFERROR(TRIM(REGEXREPLACE(TRIM(REGEXEXTRACT('AYIRA M"&"INI MART FINAL MENU - Pr'!A35, ""^[^\x{0600}-\x{06FF}]+"")), ""[-–]+$"", """")), """"), GOOGLETRANSLATE('AYIRA MINI MART FINAL MENU - Pr'!A35, ""ar"", ""en"")))"),"KDD 100% Apple Juice 250 ml") -> KDD 100% Apple Juice 250 ml | B35: =IFERROR(__xludf.DUMMYFUNCTION("IF('AYIRA MINI MART FINAL MENU - Pr'!B35="""", """", IF(LEN(IFERROR(TRIM(REGEXREPLACE(TRIM(REGEXEXTRACT('AYIRA MINI MART FINAL MENU - Pr'!B35, ""^[^\x{0600}-\x{06FF}]+"")), ""[-–]+$"", """")), """"))>0, IFERROR(TRIM(REGEXREPLACE(TRIM(REGEXEXTRACT('AYIRA M"&"INI MART FINAL MENU - Pr'!B35, ""^[^\x{0600}-\x{06FF}]+"")), ""[-–]+$"", """")), """"), GOOGLETRANSLATE('AYIRA MINI MART FINAL MENU - Pr'!B35, ""ar"", ""en"")))"),"Juices & Fruit Drinks") -> Juices & Fruit Drinks | C35: =IF('AYIRA MINI MART FINAL MENU - Pr'!C35="", "", 'AYIRA MINI MART FINAL MENU - Pr'!C35) -> 2.5 | D35: =IFERROR(__xludf.DUMMYFUNCTION("IF('AYIRA MINI MART FINAL MENU - Pr'!D35="""", """", GOOGLETRANSLATE('AYIRA MINI MART FINAL MENU - Pr'!D35, ""ar"", ""en""))"),"Take care of your health with KDD, a fresh juice packed with essential vitamins and minerals. Made from carefully selected, high-quality fruits for a delicious taste and superior nutritional value. It provides natural energy and boosts your immune system "&"thanks to its rich composition. Perfect for your daily breakfast or as a healthy drink anytime. Order now from Aira Mini Mart and enjoy every drop of this delicious and nutritious juice.") -> Take care of your health with KDD, a fresh juice packed with essential vitamins and minerals. Made from carefully selected, high-quality fruits for a delicious taste and superior nutritional value. It provides natural energy and boosts your immune system thanks to its rich composition. Perfect for your daily breakfast or as a healthy drink anytime. Order now from Aira Mini Mart and enjoy every drop of this delicious and nutritious juice. | E35: =IF('AYIRA MINI MART FINAL MENU - Pr'!K35="", "", 'AYIRA MINI MART FINAL MENU - Pr'!K35) | L35: =IF('AYIRA MINI MART FINAL MENU - Pr'!L35="", "", 'AYIRA MINI MART FINAL MENU - Pr'!L35) | M35: =IF('AYIRA MINI MART FINAL MENU - Pr'!M35="", "", 'AYIRA MINI MART FINAL MENU - Pr'!M35) | N35: =IF('AYIRA MINI MART FINAL MENU - Pr'!N35="", "", 'AYIRA MINI MART FINAL MENU - Pr'!N35)
A36: =IFERROR(__xludf.DUMMYFUNCTION("IF('AYIRA MINI MART FINAL MENU - Pr'!A36="""", """", IF(LEN(IFERROR(TRIM(REGEXREPLACE(TRIM(REGEXEXTRACT('AYIRA MINI MART FINAL MENU - Pr'!A36, ""^[^\x{0600}-\x{06FF}]+"")), ""[-–]+$"", """")), """"))>0, IFERROR(TRIM(REGEXREPLACE(TRIM(REGEXEXTRACT('AYIRA M"&"INI MART FINAL MENU - Pr'!A36, ""^[^\x{0600}-\x{06FF}]+"")), ""[-–]+$"", """")), """"), GOOGLETRANSLATE('AYIRA MINI MART FINAL MENU - Pr'!A36, ""ar"", ""en"")))"),"KDD 100% Orange Juice 250 ml") -> KDD 100% Orange Juice 250 ml | B36: =IFERROR(__xludf.DUMMYFUNCTION("IF('AYIRA MINI MART FINAL MENU - Pr'!B36="""", """", IF(LEN(IFERROR(TRIM(REGEXREPLACE(TRIM(REGEXEXTRACT('AYIRA MINI MART FINAL MENU - Pr'!B36, ""^[^\x{0600}-\x{06FF}]+"")), ""[-–]+$"", """")), """"))>0, IFERROR(TRIM(REGEXREPLACE(TRIM(REGEXEXTRACT('AYIRA M"&"INI MART FINAL MENU - Pr'!B36, ""^[^\x{0600}-\x{06FF}]+"")), ""[-–]+$"", """")), """"), GOOGLETRANSLATE('AYIRA MINI MART FINAL MENU - Pr'!B36, ""ar"", ""en"")))"),"Juices & Fruit Drinks") -> Juices & Fruit Drinks | C36: =IF('AYIRA MINI MART FINAL MENU - Pr'!C36="", "", 'AYIRA MINI MART FINAL MENU - Pr'!C36) -> 2.5 | D36: =IFERROR(__xludf.DUMMYFUNCTION("IF('AYIRA MINI MART FINAL MENU - Pr'!D36="""", """", GOOGLETRANSLATE('AYIRA MINI MART FINAL MENU - Pr'!D36, ""ar"", ""en""))"),"Take care of your health with KDD, a fresh juice packed with essential vitamins and minerals. Made from carefully selected, high-quality fruits for a delicious taste and superior nutritional value. It provides natural energy and boosts your immune system "&"thanks to its rich composition. Perfect for your daily breakfast or as a healthy drink anytime. Order now from Aira Mini Mart and enjoy every drop of this delicious and nutritious juice.") -> Take care of your health with KDD, a fresh juice packed with essential vitamins and minerals. Made from carefully selected, high-quality fruits for a delicious taste and superior nutritional value. It provides natural energy and boosts your immune system thanks to its rich composition. Perfect for your daily breakfast or as a healthy drink anytime. Order now from Aira Mini Mart and enjoy every drop of this delicious and nutritious juice. | E36: =IF('AYIRA MINI MART FINAL MENU - Pr'!K36="", "", 'AYIRA MINI MART FINAL MENU - Pr'!K36) | L36: =IF('AYIRA MINI MART FINAL MENU - Pr'!L36="", "", 'AYIRA MINI MART FINAL MENU - Pr'!L36) | M36: =IF('AYIRA MINI MART FINAL MENU - Pr'!M36="", "", 'AYIRA MINI MART FINAL MENU - Pr'!M36) | N36: =IF('AYIRA MINI MART FINAL MENU - Pr'!N36="", "", 'AYIRA MINI MART FINAL MENU - Pr'!N36)
A37: =IFERROR(__xludf.DUMMYFUNCTION("IF('AYIRA MINI MART FINAL MENU - Pr'!A37="""", """", IF(LEN(IFERROR(TRIM(REGEXREPLACE(TRIM(REGEXEXTRACT('AYIRA MINI MART FINAL MENU - Pr'!A37, ""^[^\x{0600}-\x{06FF}]+"")), ""[-–]+$"", """")), """"))>0, IFERROR(TRIM(REGEXREPLACE(TRIM(REGEXEXTRACT('AYIRA M"&"INI MART FINAL MENU - Pr'!A37, ""^[^\x{0600}-\x{06FF}]+"")), ""[-–]+$"", """")), """"), GOOGLETRANSLATE('AYIRA MINI MART FINAL MENU - Pr'!A37, ""ar"", ""en"")))"),"KDD Peach Nectar 250 ml") -> KDD Peach Nectar 250 ml | B37: =IFERROR(__xludf.DUMMYFUNCTION("IF('AYIRA MINI MART FINAL MENU - Pr'!B37="""", """", IF(LEN(IFERROR(TRIM(REGEXREPLACE(TRIM(REGEXEXTRACT('AYIRA MINI MART FINAL MENU - Pr'!B37, ""^[^\x{0600}-\x{06FF}]+"")), ""[-–]+$"", """")), """"))>0, IFERROR(TRIM(REGEXREPLACE(TRIM(REGEXEXTRACT('AYIRA M"&"INI MART FINAL MENU - Pr'!B37, ""^[^\x{0600}-\x{06FF}]+"")), ""[-–]+$"", """")), """"), GOOGLETRANSLATE('AYIRA MINI MART FINAL MENU - Pr'!B37, ""ar"", ""en"")))"),"Juices & Fruit Drinks") -> Juices & Fruit Drinks | C37: =IF('AYIRA MINI MART FINAL MENU - Pr'!C37="", "", 'AYIRA MINI MART FINAL MENU - Pr'!C37) -> 2.5 | D37: =IFERROR(__xludf.DUMMYFUNCTION("IF('AYIRA MINI MART FINAL MENU - Pr'!D37="""", """", GOOGLETRANSLATE('AYIRA MINI MART FINAL MENU - Pr'!D37, ""ar"", ""en""))"),"Take care of your health with KDD, a fresh juice packed with essential vitamins and minerals. Made from carefully selected, high-quality fruits for a delicious taste and superior nutritional value. It provides natural energy and boosts your immune system "&"thanks to its rich composition. Perfect for your daily breakfast or as a healthy drink anytime. Order now from Aira Mini Mart and enjoy every drop of this delicious and nutritious juice.") -> Take care of your health with KDD, a fresh juice packed with essential vitamins and minerals. Made from carefully selected, high-quality fruits for a delicious taste and superior nutritional value. It provides natural energy and boosts your immune system thanks to its rich composition. Perfect for your daily breakfast or as a healthy drink anytime. Order now from Aira Mini Mart and enjoy every drop of this delicious and nutritious juice. | E37: =IF('AYIRA MINI MART FINAL MENU - Pr'!K37="", "", 'AYIRA MINI MART FINAL MENU - Pr'!K37) | L37: =IF('AYIRA MINI MART FINAL MENU - Pr'!L37="", "", 'AYIRA MINI MART FINAL MENU - Pr'!L37) | M37: =IF('AYIRA MINI MART FINAL MENU - Pr'!M37="", "", 'AYIRA MINI MART FINAL MENU - Pr'!M37) | N37: =IF('AYIRA MINI MART FINAL MENU - Pr'!N37="", "", 'AYIRA MINI MART FINAL MENU - Pr'!N37)
A38: =IFERROR(__xludf.DUMMYFUNCTION("IF('AYIRA MINI MART FINAL MENU - Pr'!A38="""", """", IF(LEN(IFERROR(TRIM(REGEXREPLACE(TRIM(REGEXEXTRACT('AYIRA MINI MART FINAL MENU - Pr'!A38, ""^[^\x{0600}-\x{06FF}]+"")), ""[-–]+$"", """")), """"))>0, IFERROR(TRIM(REGEXREPLACE(TRIM(REGEXEXTRACT('AYIRA M"&"INI MART FINAL MENU - Pr'!A38, ""^[^\x{0600}-\x{06FF}]+"")), ""[-–]+$"", """")), """"), GOOGLETRANSLATE('AYIRA MINI MART FINAL MENU - Pr'!A38, ""ar"", ""en"")))"),"KDD Cocktail Fruit Drink 180 ml") -> KDD Cocktail Fruit Drink 180 ml | B38: =IFERROR(__xludf.DUMMYFUNCTION("IF('AYIRA MINI MART FINAL MENU - Pr'!B38="""", """", IF(LEN(IFERROR(TRIM(REGEXREPLACE(TRIM(REGEXEXTRACT('AYIRA MINI MART FINAL MENU - Pr'!B38, ""^[^\x{0600}-\x{06FF}]+"")), ""[-–]+$"", """")), """"))>0, IFERROR(TRIM(REGEXREPLACE(TRIM(REGEXEXTRACT('AYIRA M"&"INI MART FINAL MENU - Pr'!B38, ""^[^\x{0600}-\x{06FF}]+"")), ""[-–]+$"", """")), """"), GOOGLETRANSLATE('AYIRA MINI MART FINAL MENU - Pr'!B38, ""ar"", ""en"")))"),"Juices & Fruit Drinks") -> Juices & Fruit Drinks | C38: =IF('AYIRA MINI MART FINAL MENU - Pr'!C38="", "", 'AYIRA MINI MART FINAL MENU - Pr'!C38) -> 2 | D38: =IFERROR(__xludf.DUMMYFUNCTION("IF('AYIRA MINI MART FINAL MENU - Pr'!D38="""", """", GOOGLETRANSLATE('AYIRA MINI MART FINAL MENU - Pr'!D38, ""ar"", ""en""))"),"Enjoy KDD, the refreshing soft drink that gives you energy and vitality with every drop. Its great taste and unique formula make it the perfect choice to quench your thirst anytime. Ideal for parties, family gatherings, and various occasions. It boasts di"&"stinctive flavors that make every sip an unforgettable experience. Get it now from Aira Mini Mart at the best prices and highest quality. Our premium drink provides instant refreshment and satisfies your discerning palate whenever you need hydration.") -> Enjoy KDD, the refreshing soft drink that gives you energy and vitality with every drop. Its great taste and unique formula make it the perfect choice to quench your thirst anytime. Ideal for parties, family gatherings, and various occasions. It boasts distinctive flavors that make every sip an unforgettable experience. Get it now from Aira Mini Mart at the best prices and highest quality. Our premium drink provides instant refreshment and satisfies your discerning palate whenever you need hydration. | E38: =IF('AYIRA MINI MART FINAL MENU - Pr'!K38="", "", 'AYIRA MINI MART FINAL MENU - Pr'!K38) | L38: =IF('AYIRA MINI MART FINAL MENU - Pr'!L38="", "", 'AYIRA MINI MART FINAL MENU - Pr'!L38) | M38: =IF('AYIRA MINI MART FINAL MENU - Pr'!M38="", "", 'AYIRA MINI MART FINAL MENU - Pr'!M38) | N38: =IF('AYIRA MINI MART FINAL MENU - Pr'!N38="", "", 'AYIRA MINI MART FINAL MENU - Pr'!N38)
A39: =IFERROR(__xludf.DUMMYFUNCTION("IF('AYIRA MINI MART FINAL MENU - Pr'!A39="""", """", IF(LEN(IFERROR(TRIM(REGEXREPLACE(TRIM(REGEXEXTRACT('AYIRA MINI MART FINAL MENU - Pr'!A39, ""^[^\x{0600}-\x{06FF}]+"")), ""[-–]+$"", """")), """"))>0, IFERROR(TRIM(REGEXREPLACE(TRIM(REGEXEXTRACT('AYIRA M"&"INI MART FINAL MENU - Pr'!A39, ""^[^\x{0600}-\x{06FF}]+"")), ""[-–]+$"", """")), """"), GOOGLETRANSLATE('AYIRA MINI MART FINAL MENU - Pr'!A39, ""ar"", ""en"")))"),"KDD 100% Orange Juice 180 ml") -> KDD 100% Orange Juice 180 ml | B39: =IFERROR(__xludf.DUMMYFUNCTION("IF('AYIRA MINI MART FINAL MENU - Pr'!B39="""", """", IF(LEN(IFERROR(TRIM(REGEXREPLACE(TRIM(REGEXEXTRACT('AYIRA MINI MART FINAL MENU - Pr'!B39, ""^[^\x{0600}-\x{06FF}]+"")), ""[-–]+$"", """")), """"))>0, IFERROR(TRIM(REGEXREPLACE(TRIM(REGEXEXTRACT('AYIRA M"&"INI MART FINAL MENU - Pr'!B39, ""^[^\x{0600}-\x{06FF}]+"")), ""[-–]+$"", """")), """"), GOOGLETRANSLATE('AYIRA MINI MART FINAL MENU - Pr'!B39, ""ar"", ""en"")))"),"Juices & Fruit Drinks") -> Juices & Fruit Drinks | C39: =IF('AYIRA MINI MART FINAL MENU - Pr'!C39="", "", 'AYIRA MINI MART FINAL MENU - Pr'!C39) -> 2 | D39: =IFERROR(__xludf.DUMMYFUNCTION("IF('AYIRA MINI MART FINAL MENU - Pr'!D39="""", """", GOOGLETRANSLATE('AYIRA MINI MART FINAL MENU - Pr'!D39, ""ar"", ""en""))"),"Take care of your health with KDD, a fresh juice packed with essential vitamins and minerals. Made from carefully selected, high-quality fruits for a delicious taste and superior nutritional value. It provides natural energy and boosts your immune system "&"thanks to its rich composition. Perfect for your daily breakfast or as a healthy drink anytime. Order now from Aira Mini Mart and enjoy every drop of this delicious and nutritious juice.") -> Take care of your health with KDD, a fresh juice packed with essential vitamins and minerals. Made from carefully selected, high-quality fruits for a delicious taste and superior nutritional value. It provides natural energy and boosts your immune system thanks to its rich composition. Perfect for your daily breakfast or as a healthy drink anytime. Order now from Aira Mini Mart and enjoy every drop of this delicious and nutritious juice. | E39: =IF('AYIRA MINI MART FINAL MENU - Pr'!K39="", "", 'AYIRA MINI MART FINAL MENU - Pr'!K39) | L39: =IF('AYIRA MINI MART FINAL MENU - Pr'!L39="", "", 'AYIRA MINI MART FINAL MENU - Pr'!L39) | M39: =IF('AYIRA MINI MART FINAL MENU - Pr'!M39="", "", 'AYIRA MINI MART FINAL MENU - Pr'!M39) | N39: =IF('AYIRA MINI MART FINAL MENU - Pr'!N39="", "", 'AYIRA MINI MART FINAL MENU - Pr'!N39)
A40: =IFERROR(__xludf.DUMMYFUNCTION("IF('AYIRA MINI MART FINAL MENU - Pr'!A40="""", """", IF(LEN(IFERROR(TRIM(REGEXREPLACE(TRIM(REGEXEXTRACT('AYIRA MINI MART FINAL MENU - Pr'!A40, ""^[^\x{0600}-\x{06FF}]+"")), ""[-–]+$"", """")), """"))>0, IFERROR(TRIM(REGEXREPLACE(TRIM(REGEXEXTRACT('AYIRA M"&"INI MART FINAL MENU - Pr'!A40, ""^[^\x{0600}-\x{06FF}]+"")), ""[-–]+$"", """")), """"), GOOGLETRANSLATE('AYIRA MINI MART FINAL MENU - Pr'!A40, ""ar"", ""en"")))"),"KDD Guava Nectar 180 ml") -> KDD Guava Nectar 180 ml | B40: =IFERROR(__xludf.DUMMYFUNCTION("IF('AYIRA MINI MART FINAL MENU - Pr'!B40="""", """", IF(LEN(IFERROR(TRIM(REGEXREPLACE(TRIM(REGEXEXTRACT('AYIRA MINI MART FINAL MENU - Pr'!B40, ""^[^\x{0600}-\x{06FF}]+"")), ""[-–]+$"", """")), """"))>0, IFERROR(TRIM(REGEXREPLACE(TRIM(REGEXEXTRACT('AYIRA M"&"INI MART FINAL MENU - Pr'!B40, ""^[^\x{0600}-\x{06FF}]+"")), ""[-–]+$"", """")), """"), GOOGLETRANSLATE('AYIRA MINI MART FINAL MENU - Pr'!B40, ""ar"", ""en"")))"),"Juices & Fruit Drinks") -> Juices & Fruit Drinks | C40: =IF('AYIRA MINI MART FINAL MENU - Pr'!C40="", "", 'AYIRA MINI MART FINAL MENU - Pr'!C40) -> 2 | D40: =IFERROR(__xludf.DUMMYFUNCTION("IF('AYIRA MINI MART FINAL MENU - Pr'!D40="""", """", GOOGLETRANSLATE('AYIRA MINI MART FINAL MENU - Pr'!D40, ""ar"", ""en""))"),"Take care of your health with KDD, a fresh juice packed with essential vitamins and minerals. Made from carefully selected, high-quality fruits for a delicious taste and superior nutritional value. It provides natural energy and boosts your immune system "&"thanks to its rich composition. Perfect for your daily breakfast or as a healthy drink anytime. Order now from Aira Mini Mart and enjoy every drop of this delicious and nutritious juice.") -> Take care of your health with KDD, a fresh juice packed with essential vitamins and minerals. Made from carefully selected, high-quality fruits for a delicious taste and superior nutritional value. It provides natural energy and boosts your immune system thanks to its rich composition. Perfect for your daily breakfast or as a healthy drink anytime. Order now from Aira Mini Mart and enjoy every drop of this delicious and nutritious juice. | E40: =IF('AYIRA MINI MART FINAL MENU - Pr'!K40="", "", 'AYIRA MINI MART FINAL MENU - Pr'!K40) | L40: =IF('AYIRA MINI MART FINAL MENU - Pr'!L40="", "", 'AYIRA MINI MART FINAL MENU - Pr'!L40) | M40: =IF('AYIRA MINI MART FINAL MENU - Pr'!M40="", "", 'AYIRA MINI MART FINAL MENU - Pr'!M40) | N40: =IF('AYIRA MINI MART FINAL MENU - Pr'!N40="", "", 'AYIRA MINI MART FINAL MENU - Pr'!N40)
A41: =IFERROR(__xludf.DUMMYFUNCTION("IF('AYIRA MINI MART FINAL MENU - Pr'!A41="""", """", IF(LEN(IFERROR(TRIM(REGEXREPLACE(TRIM(REGEXEXTRACT('AYIRA MINI MART FINAL MENU - Pr'!A41, ""^[^\x{0600}-\x{06FF}]+"")), ""[-–]+$"", """")), """"))>0, IFERROR(TRIM(REGEXREPLACE(TRIM(REGEXEXTRACT('AYIRA M"&"INI MART FINAL MENU - Pr'!A41, ""^[^\x{0600}-\x{06FF}]+"")), ""[-–]+$"", """")), """"), GOOGLETRANSLATE('AYIRA MINI MART FINAL MENU - Pr'!A41, ""ar"", ""en"")))"),"KDD 100% Apple Juice 180 ml") -> KDD 100% Apple Juice 180 ml | B41: =IFERROR(__xludf.DUMMYFUNCTION("IF('AYIRA MINI MART FINAL MENU - Pr'!B41="""", """", IF(LEN(IFERROR(TRIM(REGEXREPLACE(TRIM(REGEXEXTRACT('AYIRA MINI MART FINAL MENU - Pr'!B41, ""^[^\x{0600}-\x{06FF}]+"")), ""[-–]+$"", """")), """"))>0, IFERROR(TRIM(REGEXREPLACE(TRIM(REGEXEXTRACT('AYIRA M"&"INI MART FINAL MENU - Pr'!B41, ""^[^\x{0600}-\x{06FF}]+"")), ""[-–]+$"", """")), """"), GOOGLETRANSLATE('AYIRA MINI MART FINAL MENU - Pr'!B41, ""ar"", ""en"")))"),"Juices & Fruit Drinks") -> Juices & Fruit Drinks | C41: =IF('AYIRA MINI MART FINAL MENU - Pr'!C41="", "", 'AYIRA MINI MART FINAL MENU - Pr'!C41) -> 2 | D41: =IFERROR(__xludf.DUMMYFUNCTION("IF('AYIRA MINI MART FINAL MENU - Pr'!D41="""", """", GOOGLETRANSLATE('AYIRA MINI MART FINAL MENU - Pr'!D41, ""ar"", ""en""))"),"Take care of your health with KDD, a fresh juice packed with essential vitamins and minerals. Made from carefully selected, high-quality fruits for a delicious taste and superior nutritional value. It provides natural energy and boosts your immune system "&"thanks to its rich composition. Perfect for your daily breakfast or as a healthy drink anytime. Order now from Aira Mini Mart and enjoy every drop of this delicious and nutritious juice.") -> Take care of your health with KDD, a fresh juice packed with essential vitamins and minerals. Made from carefully selected, high-quality fruits for a delicious taste and superior nutritional value. It provides natural energy and boosts your immune system thanks to its rich composition. Perfect for your daily breakfast or as a healthy drink anytime. Order now from Aira Mini Mart and enjoy every drop of this delicious and nutritious juice. | E41: =IF('AYIRA MINI MART FINAL MENU - Pr'!K41="", "", 'AYIRA MINI MART FINAL MENU - Pr'!K41) | L41: =IF('AYIRA MINI MART FINAL MENU - Pr'!L41="", "", 'AYIRA MINI MART FINAL MENU - Pr'!L41) | M41: =IF('AYIRA MINI MART FINAL MENU - Pr'!M41="", "", 'AYIRA MINI MART FINAL MENU - Pr'!M41) | N41: =IF('AYIRA MINI MART FINAL MENU - Pr'!N41="", "", 'AYIRA MINI MART FINAL MENU - Pr'!N41)
A42: =IFERROR(__xludf.DUMMYFUNCTION("IF('AYIRA MINI MART FINAL MENU - Pr'!A42="""", """", IF(LEN(IFERROR(TRIM(REGEXREPLACE(TRIM(REGEXEXTRACT('AYIRA MINI MART FINAL MENU - Pr'!A42, ""^[^\x{0600}-\x{06FF}]+"")), ""[-–]+$"", """")), """"))>0, IFERROR(TRIM(REGEXREPLACE(TRIM(REGEXEXTRACT('AYIRA M"&"INI MART FINAL MENU - Pr'!A42, ""^[^\x{0600}-\x{06FF}]+"")), ""[-–]+$"", """")), """"), GOOGLETRANSLATE('AYIRA MINI MART FINAL MENU - Pr'!A42, ""ar"", ""en"")))"),"KDD Chocolate Milk Enriched with Vitamins A & D 125 ml") -> KDD Chocolate Milk Enriched with Vitamins A & D 125 ml | B42: =IFERROR(__xludf.DUMMYFUNCTION("IF('AYIRA MINI MART FINAL MENU - Pr'!B42="""", """", IF(LEN(IFERROR(TRIM(REGEXREPLACE(TRIM(REGEXEXTRACT('AYIRA MINI MART FINAL MENU - Pr'!B42, ""^[^\x{0600}-\x{06FF}]+"")), ""[-–]+$"", """")), """"))>0, IFERROR(TRIM(REGEXREPLACE(TRIM(REGEXEXTRACT('AYIRA M"&"INI MART FINAL MENU - Pr'!B42, ""^[^\x{0600}-\x{06FF}]+"")), ""[-–]+$"", """")), """"), GOOGLETRANSLATE('AYIRA MINI MART FINAL MENU - Pr'!B42, ""ar"", ""en"")))"),"Juices & Fruit Drinks") -> Juices & Fruit Drinks | C42: =IF('AYIRA MINI MART FINAL MENU - Pr'!C42="", "", 'AYIRA MINI MART FINAL MENU - Pr'!C42) -> 2 | D42: =IFERROR(__xludf.DUMMYFUNCTION("IF('AYIRA MINI MART FINAL MENU - Pr'!D42="""", """", GOOGLETRANSLATE('AYIRA MINI MART FINAL MENU - Pr'!D42, ""ar"", ""en""))"),"Indulge your senses with KDD, the premium chocolate that combines rich flavor with a perfect texture. Made from the finest selected cocoa beans, it delivers an exceptional dessert experience every time. Whether you're looking for a special gift or want to"&" treat yourself, this chocolate is the perfect choice. Savor every piece and immerse yourself in a world of smoothness and sweetness. Get yours from Aira Mini Mart and experience moments of pure delight.") -> Indulge your senses with KDD, the premium chocolate that combines rich flavor with a perfect texture. Made from the finest selected cocoa beans, it delivers an exceptional dessert experience every time. Whether you're looking for a special gift or want to treat yourself, this chocolate is the perfect choice. Savor every piece and immerse yourself in a world of smoothness and sweetness. Get yours from Aira Mini Mart and experience moments of pure delight. | E42: =IF('AYIRA MINI MART FINAL MENU - Pr'!K42="", "", 'AYIRA MINI MART FINAL MENU - Pr'!K42) | L42: =IF('AYIRA MINI MART FINAL MENU - Pr'!L42="", "", 'AYIRA MINI MART FINAL MENU - Pr'!L42) | M42: =IF('AYIRA MINI MART FINAL MENU - Pr'!M42="", "", 'AYIRA MINI MART FINAL MENU - Pr'!M42) | N42: =IF('AYIRA MINI MART FINAL MENU - Pr'!N42="", "", 'AYIRA MINI MART FINAL MENU - Pr'!N42)
A43: =IFERROR(__xludf.DUMMYFUNCTION("IF('AYIRA MINI MART FINAL MENU - Pr'!A43="""", """", IF(LEN(IFERROR(TRIM(REGEXREPLACE(TRIM(REGEXEXTRACT('AYIRA MINI MART FINAL MENU - Pr'!A43, ""^[^\x{0600}-\x{06FF}]+"")), ""[-–]+$"", """")), """"))>0, IFERROR(TRIM(REGEXREPLACE(TRIM(REGEXEXTRACT('AYIRA M"&"INI MART FINAL MENU - Pr'!A43, ""^[^\x{0600}-\x{06FF}]+"")), ""[-–]+$"", """")), """"), GOOGLETRANSLATE('AYIRA MINI MART FINAL MENU - Pr'!A43, ""ar"", ""en"")))"),"KDD Apple Juice 125 ml") -> KDD Apple Juice 125 ml | B43: =IFERROR(__xludf.DUMMYFUNCTION("IF('AYIRA MINI MART FINAL MENU - Pr'!B43="""", """", IF(LEN(IFERROR(TRIM(REGEXREPLACE(TRIM(REGEXEXTRACT('AYIRA MINI MART FINAL MENU - Pr'!B43, ""^[^\x{0600}-\x{06FF}]+"")), ""[-–]+$"", """")), """"))>0, IFERROR(TRIM(REGEXREPLACE(TRIM(REGEXEXTRACT('AYIRA M"&"INI MART FINAL MENU - Pr'!B43, ""^[^\x{0600}-\x{06FF}]+"")), ""[-–]+$"", """")), """"), GOOGLETRANSLATE('AYIRA MINI MART FINAL MENU - Pr'!B43, ""ar"", ""en"")))"),"Juices & Fruit Drinks") -> Juices & Fruit Drinks | C43: =IF('AYIRA MINI MART FINAL MENU - Pr'!C43="", "", 'AYIRA MINI MART FINAL MENU - Pr'!C43) -> 2 | D43: =IFERROR(__xludf.DUMMYFUNCTION("IF('AYIRA MINI MART FINAL MENU - Pr'!D43="""", """", GOOGLETRANSLATE('AYIRA MINI MART FINAL MENU - Pr'!D43, ""ar"", ""en""))"),"Take care of your health with KDD, a fresh juice packed with essential vitamins and minerals. Made from carefully selected, high-quality fruits for a delicious taste and superior nutritional value. It provides natural energy and boosts your immune system "&"thanks to its rich composition. Perfect for your daily breakfast or as a healthy drink anytime. Order now from Aira Mini Mart and enjoy every drop of this delicious and nutritious juice.") -> Take care of your health with KDD, a fresh juice packed with essential vitamins and minerals. Made from carefully selected, high-quality fruits for a delicious taste and superior nutritional value. It provides natural energy and boosts your immune system thanks to its rich composition. Perfect for your daily breakfast or as a healthy drink anytime. Order now from Aira Mini Mart and enjoy every drop of this delicious and nutritious juice. | E43: =IF('AYIRA MINI MART FINAL MENU - Pr'!K43="", "", 'AYIRA MINI MART FINAL MENU - Pr'!K43) | L43: =IF('AYIRA MINI MART FINAL MENU - Pr'!L43="", "", 'AYIRA MINI MART FINAL MENU - Pr'!L43) | M43: =IF('AYIRA MINI MART FINAL MENU - Pr'!M43="", "", 'AYIRA MINI MART FINAL MENU - Pr'!M43) | N43: =IF('AYIRA MINI MART FINAL MENU - Pr'!N43="", "", 'AYIRA MINI MART FINAL MENU - Pr'!N43)
A44: =IFERROR(__xludf.DUMMYFUNCTION("IF('AYIRA MINI MART FINAL MENU - Pr'!A44="""", """", IF(LEN(IFERROR(TRIM(REGEXREPLACE(TRIM(REGEXEXTRACT('AYIRA MINI MART FINAL MENU - Pr'!A44, ""^[^\x{0600}-\x{06FF}]+"")), ""[-–]+$"", """")), """"))>0, IFERROR(TRIM(REGEXREPLACE(TRIM(REGEXEXTRACT('AYIRA M"&"INI MART FINAL MENU - Pr'!A44, ""^[^\x{0600}-\x{06FF}]+"")), ""[-–]+$"", """")), """"), GOOGLETRANSLATE('AYIRA MINI MART FINAL MENU - Pr'!A44, ""ar"", ""en"")))"),"KDD Mango Nectar 125 ml") -> KDD Mango Nectar 125 ml | B44: =IFERROR(__xludf.DUMMYFUNCTION("IF('AYIRA MINI MART FINAL MENU - Pr'!B44="""", """", IF(LEN(IFERROR(TRIM(REGEXREPLACE(TRIM(REGEXEXTRACT('AYIRA MINI MART FINAL MENU - Pr'!B44, ""^[^\x{0600}-\x{06FF}]+"")), ""[-–]+$"", """")), """"))>0, IFERROR(TRIM(REGEXREPLACE(TRIM(REGEXEXTRACT('AYIRA M"&"INI MART FINAL MENU - Pr'!B44, ""^[^\x{0600}-\x{06FF}]+"")), ""[-–]+$"", """")), """"), GOOGLETRANSLATE('AYIRA MINI MART FINAL MENU - Pr'!B44, ""ar"", ""en"")))"),"Juices & Fruit Drinks") -> Juices & Fruit Drinks | C44: =IF('AYIRA MINI MART FINAL MENU - Pr'!C44="", "", 'AYIRA MINI MART FINAL MENU - Pr'!C44) -> 1.25 | D44: =IFERROR(__xludf.DUMMYFUNCTION("IF('AYIRA MINI MART FINAL MENU - Pr'!D44="""", """", GOOGLETRANSLATE('AYIRA MINI MART FINAL MENU - Pr'!D44, ""ar"", ""en""))"),"Take care of your health with KDD, a fresh juice packed with essential vitamins and minerals. Made from carefully selected, high-quality fruits for a delicious taste and superior nutritional value. It provides natural energy and boosts your immune system "&"thanks to its rich composition. Perfect for your daily breakfast or as a healthy drink anytime. Order now from Aira Mini Mart and enjoy every drop of this delicious and nutritious juice.") -> Take care of your health with KDD, a fresh juice packed with essential vitamins and minerals. Made from carefully selected, high-quality fruits for a delicious taste and superior nutritional value. It provides natural energy and boosts your immune system thanks to its rich composition. Perfect for your daily breakfast or as a healthy drink anytime. Order now from Aira Mini Mart and enjoy every drop of this delicious and nutritious juice. | E44: =IF('AYIRA MINI MART FINAL MENU - Pr'!K44="", "", 'AYIRA MINI MART FINAL MENU - Pr'!K44) | L44: =IF('AYIRA MINI MART FINAL MENU - Pr'!L44="", "", 'AYIRA MINI MART FINAL MENU - Pr'!L44) | M44: =IF('AYIRA MINI MART FINAL MENU - Pr'!M44="", "", 'AYIRA MINI MART FINAL MENU - Pr'!M44) | N44: =IF('AYIRA MINI MART FINAL MENU - Pr'!N44="", "", 'AYIRA MINI MART FINAL MENU - Pr'!N44)
A45: =IFERROR(__xludf.DUMMYFUNCTION("IF('AYIRA MINI MART FINAL MENU - Pr'!A45="""", """", IF(LEN(IFERROR(TRIM(REGEXREPLACE(TRIM(REGEXEXTRACT('AYIRA MINI MART FINAL MENU - Pr'!A45, ""^[^\x{0600}-\x{06FF}]+"")), ""[-–]+$"", """")), """"))>0, IFERROR(TRIM(REGEXREPLACE(TRIM(REGEXEXTRACT('AYIRA M"&"INI MART FINAL MENU - Pr'!A45, ""^[^\x{0600}-\x{06FF}]+"")), ""[-–]+$"", """")), """"), GOOGLETRANSLATE('AYIRA MINI MART FINAL MENU - Pr'!A45, ""ar"", ""en"")))"),"KDD Cocktail Fruit Drink 125 ml") -> KDD Cocktail Fruit Drink 125 ml | B45: =IFERROR(__xludf.DUMMYFUNCTION("IF('AYIRA MINI MART FINAL MENU - Pr'!B45="""", """", IF(LEN(IFERROR(TRIM(REGEXREPLACE(TRIM(REGEXEXTRACT('AYIRA MINI MART FINAL MENU - Pr'!B45, ""^[^\x{0600}-\x{06FF}]+"")), ""[-–]+$"", """")), """"))>0, IFERROR(TRIM(REGEXREPLACE(TRIM(REGEXEXTRACT('AYIRA M"&"INI MART FINAL MENU - Pr'!B45, ""^[^\x{0600}-\x{06FF}]+"")), ""[-–]+$"", """")), """"), GOOGLETRANSLATE('AYIRA MINI MART FINAL MENU - Pr'!B45, ""ar"", ""en"")))"),"Juices & Fruit Drinks") -> Juices & Fruit Drinks | C45: =IF('AYIRA MINI MART FINAL MENU - Pr'!C45="", "", 'AYIRA MINI MART FINAL MENU - Pr'!C45) -> 1.25 | D45: =IFERROR(__xludf.DUMMYFUNCTION("IF('AYIRA MINI MART FINAL MENU - Pr'!D45="""", """", GOOGLETRANSLATE('AYIRA MINI MART FINAL MENU - Pr'!D45, ""ar"", ""en""))"),"Enjoy KDD, the refreshing soft drink that gives you energy and vitality with every drop. Its great taste and unique formula make it the perfect choice to quench your thirst anytime. Ideal for parties, family gatherings, and various occasions. It boasts di"&"stinctive flavors that make every sip an unforgettable experience. Get it now from Aira Mini Mart at the best prices and highest quality. Our premium drink provides instant refreshment and satisfies your discerning palate whenever you need hydration.") -> Enjoy KDD, the refreshing soft drink that gives you energy and vitality with every drop. Its great taste and unique formula make it the perfect choice to quench your thirst anytime. Ideal for parties, family gatherings, and various occasions. It boasts distinctive flavors that make every sip an unforgettable experience. Get it now from Aira Mini Mart at the best prices and highest quality. Our premium drink provides instant refreshment and satisfies your discerning palate whenever you need hydration. | E45: =IF('AYIRA MINI MART FINAL MENU - Pr'!K45="", "", 'AYIRA MINI MART FINAL MENU - Pr'!K45) | L45: =IF('AYIRA MINI MART FINAL MENU - Pr'!L45="", "", 'AYIRA MINI MART FINAL MENU - Pr'!L45) | M45: =IF('AYIRA MINI MART FINAL MENU - Pr'!M45="", "", 'AYIRA MINI MART FINAL MENU - Pr'!M45) | N45: =IF('AYIRA MINI MART FINAL MENU - Pr'!N45="", "", 'AYIRA MINI MART FINAL MENU - Pr'!N45)
A46: =IFERROR(__xludf.DUMMYFUNCTION("IF('AYIRA MINI MART FINAL MENU - Pr'!A46="""", """", IF(LEN(IFERROR(TRIM(REGEXREPLACE(TRIM(REGEXEXTRACT('AYIRA MINI MART FINAL MENU - Pr'!A46, ""^[^\x{0600}-\x{06FF}]+"")), ""[-–]+$"", """")), """"))>0, IFERROR(TRIM(REGEXREPLACE(TRIM(REGEXEXTRACT('AYIRA M"&"INI MART FINAL MENU - Pr'!A46, ""^[^\x{0600}-\x{06FF}]+"")), ""[-–]+$"", """")), """"), GOOGLETRANSLATE('AYIRA MINI MART FINAL MENU - Pr'!A46, ""ar"", ""en"")))"),"KDD Orange with Grape Juice 125 ml") -> KDD Orange with Grape Juice 125 ml | B46: =IFERROR(__xludf.DUMMYFUNCTION("IF('AYIRA MINI MART FINAL MENU - Pr'!B46="""", """", IF(LEN(IFERROR(TRIM(REGEXREPLACE(TRIM(REGEXEXTRACT('AYIRA MINI MART FINAL MENU - Pr'!B46, ""^[^\x{0600}-\x{06FF}]+"")), ""[-–]+$"", """")), """"))>0, IFERROR(TRIM(REGEXREPLACE(TRIM(REGEXEXTRACT('AYIRA M"&"INI MART FINAL MENU - Pr'!B46, ""^[^\x{0600}-\x{06FF}]+"")), ""[-–]+$"", """")), """"), GOOGLETRANSLATE('AYIRA MINI MART FINAL MENU - Pr'!B46, ""ar"", ""en"")))"),"Juices & Fruit Drinks") -> Juices & Fruit Drinks | C46: =IF('AYIRA MINI MART FINAL MENU - Pr'!C46="", "", 'AYIRA MINI MART FINAL MENU - Pr'!C46) -> 1.25 | D46: =IFERROR(__xludf.DUMMYFUNCTION("IF('AYIRA MINI MART FINAL MENU - Pr'!D46="""", """", GOOGLETRANSLATE('AYIRA MINI MART FINAL MENU - Pr'!D46, ""ar"", ""en""))"),"Take care of your health with KDD, a fresh juice packed with essential vitamins and minerals. Made from carefully selected, high-quality fruits for a delicious taste and superior nutritional value. It provides natural energy and boosts your immune system "&"thanks to its rich composition. Perfect for your daily breakfast or as a healthy drink anytime. Order now from Aira Mini Mart and enjoy every drop of this delicious and nutritious juice.") -> Take care of your health with KDD, a fresh juice packed with essential vitamins and minerals. Made from carefully selected, high-quality fruits for a delicious taste and superior nutritional value. It provides natural energy and boosts your immune system thanks to its rich composition. Perfect for your daily breakfast or as a healthy drink anytime. Order now from Aira Mini Mart and enjoy every drop of this delicious and nutritious juice. | E46: =IF('AYIRA MINI MART FINAL MENU - Pr'!K46="", "", 'AYIRA MINI MART FINAL MENU - Pr'!K46) | L46: =IF('AYIRA MINI MART FINAL MENU - Pr'!L46="", "", 'AYIRA MINI MART FINAL MENU - Pr'!L46) | M46: =IF('AYIRA MINI MART FINAL MENU - Pr'!M46="", "", 'AYIRA MINI MART FINAL MENU - Pr'!M46) | N46: =IF('AYIRA MINI MART FINAL MENU - Pr'!N46="", "", 'AYIRA MINI MART FINAL MENU - Pr'!N46)
A47: =IFERROR(__xludf.DUMMYFUNCTION("IF('AYIRA MINI MART FINAL MENU - Pr'!A47="""", """", IF(LEN(IFERROR(TRIM(REGEXREPLACE(TRIM(REGEXEXTRACT('AYIRA MINI MART FINAL MENU - Pr'!A47, ""^[^\x{0600}-\x{06FF}]+"")), ""[-–]+$"", """")), """"))>0, IFERROR(TRIM(REGEXREPLACE(TRIM(REGEXEXTRACT('AYIRA M"&"INI MART FINAL MENU - Pr'!A47, ""^[^\x{0600}-\x{06FF}]+"")), ""[-–]+$"", """")), """"), GOOGLETRANSLATE('AYIRA MINI MART FINAL MENU - Pr'!A47, ""ar"", ""en"")))"),"Double Up Cola 200 ml") -> Double Up Cola 200 ml | B47: =IFERROR(__xludf.DUMMYFUNCTION("IF('AYIRA MINI MART FINAL MENU - Pr'!B47="""", """", IF(LEN(IFERROR(TRIM(REGEXREPLACE(TRIM(REGEXEXTRACT('AYIRA MINI MART FINAL MENU - Pr'!B47, ""^[^\x{0600}-\x{06FF}]+"")), ""[-–]+$"", """")), """"))>0, IFERROR(TRIM(REGEXREPLACE(TRIM(REGEXEXTRACT('AYIRA M"&"INI MART FINAL MENU - Pr'!B47, ""^[^\x{0600}-\x{06FF}]+"")), ""[-–]+$"", """")), """"), GOOGLETRANSLATE('AYIRA MINI MART FINAL MENU - Pr'!B47, ""ar"", ""en"")))"),"Carbonated Soft Drinks") -> Carbonated Soft Drinks | C47: =IF('AYIRA MINI MART FINAL MENU - Pr'!C47="", "", 'AYIRA MINI MART FINAL MENU - Pr'!C47) -> 1.5 | D47: =IFERROR(__xludf.DUMMYFUNCTION("IF('AYIRA MINI MART FINAL MENU - Pr'!D47="""", """", GOOGLETRANSLATE('AYIRA MINI MART FINAL MENU - Pr'!D47, ""ar"", ""en""))"),"Enjoy Double Up, the refreshing soft drink that gives you energy and vitality with every drop. Its delicious taste and unique formula make it the perfect choice to quench your thirst anytime. Ideal for parties, family gatherings, and various occasions. It"&" boasts distinctive flavors that make every sip an unforgettable experience. Get it now from Aira Mini Mart at the best prices and highest quality. Our premium drink provides instant refreshment and satisfies your discerning palate whenever you need hydra"&"tion.") -> Enjoy Double Up, the refreshing soft drink that gives you energy and vitality with every drop. Its delicious taste and unique formula make it the perfect choice to quench your thirst anytime. Ideal for parties, family gatherings, and various occasions. It boasts distinctive flavors that make every sip an unforgettable experience. Get it now from Aira Mini Mart at the best prices and highest quality. Our premium drink provides instant refreshment and satisfies your discerning palate whenever you need hydration. | E47: =IF('AYIRA MINI MART FINAL MENU - Pr'!K47="", "", 'AYIRA MINI MART FINAL MENU - Pr'!K47) | L47: =IF('AYIRA MINI MART FINAL MENU - Pr'!L47="", "", 'AYIRA MINI MART FINAL MENU - Pr'!L47) | M47: =IF('AYIRA MINI MART FINAL MENU - Pr'!M47="", "", 'AYIRA MINI MART FINAL MENU - Pr'!M47) | N47: =IF('AYIRA MINI MART FINAL MENU - Pr'!N47="", "", 'AYIRA MINI MART FINAL MENU - Pr'!N47)
A48: =IFERROR(__xludf.DUMMYFUNCTION("IF('AYIRA MINI MART FINAL MENU - Pr'!A48="""", """", IF(LEN(IFERROR(TRIM(REGEXREPLACE(TRIM(REGEXEXTRACT('AYIRA MINI MART FINAL MENU - Pr'!A48, ""^[^\x{0600}-\x{06FF}]+"")), ""[-–]+$"", """")), """"))>0, IFERROR(TRIM(REGEXREPLACE(TRIM(REGEXEXTRACT('AYIRA M"&"INI MART FINAL MENU - Pr'!A48, ""^[^\x{0600}-\x{06FF}]+"")), ""[-–]+$"", """")), """"), GOOGLETRANSLATE('AYIRA MINI MART FINAL MENU - Pr'!A48, ""ar"", ""en"")))"),"Double Up Lemon 200 ml") -> Double Up Lemon 200 ml | B48: =IFERROR(__xludf.DUMMYFUNCTION("IF('AYIRA MINI MART FINAL MENU - Pr'!B48="""", """", IF(LEN(IFERROR(TRIM(REGEXREPLACE(TRIM(REGEXEXTRACT('AYIRA MINI MART FINAL MENU - Pr'!B48, ""^[^\x{0600}-\x{06FF}]+"")), ""[-–]+$"", """")), """"))>0, IFERROR(TRIM(REGEXREPLACE(TRIM(REGEXEXTRACT('AYIRA M"&"INI MART FINAL MENU - Pr'!B48, ""^[^\x{0600}-\x{06FF}]+"")), ""[-–]+$"", """")), """"), GOOGLETRANSLATE('AYIRA MINI MART FINAL MENU - Pr'!B48, ""ar"", ""en"")))"),"Carbonated Soft Drinks") -> Carbonated Soft Drinks | C48: =IF('AYIRA MINI MART FINAL MENU - Pr'!C48="", "", 'AYIRA MINI MART FINAL MENU - Pr'!C48) -> 1.5 | D48: =IFERROR(__xludf.DUMMYFUNCTION("IF('AYIRA MINI MART FINAL MENU - Pr'!D48="""", """", GOOGLETRANSLATE('AYIRA MINI MART FINAL MENU - Pr'!D48, ""ar"", ""en""))"),"Enjoy Double Up, the refreshing soft drink that gives you energy and vitality with every drop. Its delicious taste and unique formula make it the perfect choice to quench your thirst anytime. Ideal for parties, family gatherings, and various occasions. It"&" boasts distinctive flavors that make every sip an unforgettable experience. Get it now from Aira Mini Mart at the best prices and highest quality. Our premium drink provides instant refreshment and satisfies your discerning palate whenever you need hydra"&"tion.") -> Enjoy Double Up, the refreshing soft drink that gives you energy and vitality with every drop. Its delicious taste and unique formula make it the perfect choice to quench your thirst anytime. Ideal for parties, family gatherings, and various occasions. It boasts distinctive flavors that make every sip an unforgettable experience. Get it now from Aira Mini Mart at the best prices and highest quality. Our premium drink provides instant refreshment and satisfies your discerning palate whenever you need hydration. | E48: =IF('AYIRA MINI MART FINAL MENU - Pr'!K48="", "", 'AYIRA MINI MART FINAL MENU - Pr'!K48) | L48: =IF('AYIRA MINI MART FINAL MENU - Pr'!L48="", "", 'AYIRA MINI MART FINAL MENU - Pr'!L48) | M48: =IF('AYIRA MINI MART FINAL MENU - Pr'!M48="", "", 'AYIRA MINI MART FINAL MENU - Pr'!M48) | N48: =IF('AYIRA MINI MART FINAL MENU - Pr'!N48="", "", 'AYIRA MINI MART FINAL MENU - Pr'!N48)
A49: =IFERROR(__xludf.DUMMYFUNCTION("IF('AYIRA MINI MART FINAL MENU - Pr'!A49="""", """", IF(LEN(IFERROR(TRIM(REGEXREPLACE(TRIM(REGEXEXTRACT('AYIRA MINI MART FINAL MENU - Pr'!A49, ""^[^\x{0600}-\x{06FF}]+"")), ""[-–]+$"", """")), """"))>0, IFERROR(TRIM(REGEXREPLACE(TRIM(REGEXEXTRACT('AYIRA M"&"INI MART FINAL MENU - Pr'!A49, ""^[^\x{0600}-\x{06FF}]+"")), ""[-–]+$"", """")), """"), GOOGLETRANSLATE('AYIRA MINI MART FINAL MENU - Pr'!A49, ""ar"", ""en"")))"),"Guava Nectar (Contains 35% Juice) 250 ml") -> Guava Nectar (Contains 35% Juice) 250 ml | B49: =IFERROR(__xludf.DUMMYFUNCTION("IF('AYIRA MINI MART FINAL MENU - Pr'!B49="""", """", IF(LEN(IFERROR(TRIM(REGEXREPLACE(TRIM(REGEXEXTRACT('AYIRA MINI MART FINAL MENU - Pr'!B49, ""^[^\x{0600}-\x{06FF}]+"")), ""[-–]+$"", """")), """"))>0, IFERROR(TRIM(REGEXREPLACE(TRIM(REGEXEXTRACT('AYIRA M"&"INI MART FINAL MENU - Pr'!B49, ""^[^\x{0600}-\x{06FF}]+"")), ""[-–]+$"", """")), """"), GOOGLETRANSLATE('AYIRA MINI MART FINAL MENU - Pr'!B49, ""ar"", ""en"")))"),"Juices & Fruit Drinks") -> Juices & Fruit Drinks | C49: =IF('AYIRA MINI MART FINAL MENU - Pr'!C49="", "", 'AYIRA MINI MART FINAL MENU - Pr'!C49) -> 2 | D49: =IFERROR(__xludf.DUMMYFUNCTION("IF('AYIRA MINI MART FINAL MENU - Pr'!D49="""", """", GOOGLETRANSLATE('AYIRA MINI MART FINAL MENU - Pr'!D49, ""ar"", ""en""))"),"Take care of your health with Guava Nectar (Contains 35% Juice) 250 ml, a fresh juice rich in vitamins and minerals essential for your body's well-being. Made from the finest, carefully selected fruits to give you a delicious taste and high nutritional va"&"lue. It provides natural energy and boosts your immune system thanks to its rich content. Perfect for your daily breakfast or as a healthy drink anytime. Order now from Aira Mini Mart and enjoy every drop of this delicious and beneficial juice.") -> Take care of your health with Guava Nectar (Contains 35% Juice) 250 ml, a fresh juice rich in vitamins and minerals essential for your body's well-being. Made from the finest, carefully selected fruits to give you a delicious taste and high nutritional value. It provides natural energy and boosts your immune system thanks to its rich content. Perfect for your daily breakfast or as a healthy drink anytime. Order now from Aira Mini Mart and enjoy every drop of this delicious and beneficial juice. | E49: =IF('AYIRA MINI MART FINAL MENU - Pr'!K49="", "", 'AYIRA MINI MART FINAL MENU - Pr'!K49) | L49: =IF('AYIRA MINI MART FINAL MENU - Pr'!L49="", "", 'AYIRA MINI MART FINAL MENU - Pr'!L49) | M49: =IF('AYIRA MINI MART FINAL MENU - Pr'!M49="", "", 'AYIRA MINI MART FINAL MENU - Pr'!M49) | N49: =IF('AYIRA MINI MART FINAL MENU - Pr'!N49="", "", 'AYIRA MINI MART FINAL MENU - Pr'!N49)
A50: =IFERROR(__xludf.DUMMYFUNCTION("IF('AYIRA MINI MART FINAL MENU - Pr'!A50="""", """", IF(LEN(IFERROR(TRIM(REGEXREPLACE(TRIM(REGEXEXTRACT('AYIRA MINI MART FINAL MENU - Pr'!A50, ""^[^\x{0600}-\x{06FF}]+"")), ""[-–]+$"", """")), """"))>0, IFERROR(TRIM(REGEXREPLACE(TRIM(REGEXEXTRACT('AYIRA M"&"INI MART FINAL MENU - Pr'!A50, ""^[^\x{0600}-\x{06FF}]+"")), ""[-–]+$"", """")), """"), GOOGLETRANSLATE('AYIRA MINI MART FINAL MENU - Pr'!A50, ""ar"", ""en"")))"),"Pomegranate Nectar 250ml") -> Pomegranate Nectar 250ml | B50: =IFERROR(__xludf.DUMMYFUNCTION("IF('AYIRA MINI MART FINAL MENU - Pr'!B50="""", """", IF(LEN(IFERROR(TRIM(REGEXREPLACE(TRIM(REGEXEXTRACT('AYIRA MINI MART FINAL MENU - Pr'!B50, ""^[^\x{0600}-\x{06FF}]+"")), ""[-–]+$"", """")), """"))>0, IFERROR(TRIM(REGEXREPLACE(TRIM(REGEXEXTRACT('AYIRA M"&"INI MART FINAL MENU - Pr'!B50, ""^[^\x{0600}-\x{06FF}]+"")), ""[-–]+$"", """")), """"), GOOGLETRANSLATE('AYIRA MINI MART FINAL MENU - Pr'!B50, ""ar"", ""en"")))"),"Juices & Fruit Drinks") -> Juices & Fruit Drinks | C50: =IF('AYIRA MINI MART FINAL MENU - Pr'!C50="", "", 'AYIRA MINI MART FINAL MENU - Pr'!C50) -> 2 | D50: =IFERROR(__xludf.DUMMYFUNCTION("IF('AYIRA MINI MART FINAL MENU - Pr'!D50="""", """", GOOGLETRANSLATE('AYIRA MINI MART FINAL MENU - Pr'!D50, ""ar"", ""en""))"),"Boost your health with Pomegranate Nectar 250ml – a fresh, 250ml pomegranate nectar packed with essential vitamins and minerals. Made from carefully selected, high-quality fruits for a delicious taste and superior nutritional value. It provides natural en"&"ergy and strengthens your immune system thanks to its rich composition. Perfect for your daily breakfast or as a healthy drink anytime. Order now from Aira Mini Mart and enjoy every drop of this delicious and beneficial juice.") -> Boost your health with Pomegranate Nectar 250ml – a fresh, 250ml pomegranate nectar packed with essential vitamins and minerals. Made from carefully selected, high-quality fruits for a delicious taste and superior nutritional value. It provides natural energy and strengthens your immune system thanks to its rich composition. Perfect for your daily breakfast or as a healthy drink anytime. Order now from Aira Mini Mart and enjoy every drop of this delicious and beneficial juice. | E50: =IF('AYIRA MINI MART FINAL MENU - Pr'!K50="", "", 'AYIRA MINI MART FINAL MENU - Pr'!K50) | L50: =IF('AYIRA MINI MART FINAL MENU - Pr'!L50="", "", 'AYIRA MINI MART FINAL MENU - Pr'!L50) | M50: =IF('AYIRA MINI MART FINAL MENU - Pr'!M50="", "", 'AYIRA MINI MART FINAL MENU - Pr'!M50) | N50: =IF('AYIRA MINI MART FINAL MENU - Pr'!N50="", "", 'AYIRA MINI MART FINAL MENU - Pr'!N50)
A51: =IFERROR(__xludf.DUMMYFUNCTION("IF('AYIRA MINI MART FINAL MENU - Pr'!A51="""", """", IF(LEN(IFERROR(TRIM(REGEXREPLACE(TRIM(REGEXEXTRACT('AYIRA MINI MART FINAL MENU - Pr'!A51, ""^[^\x{0600}-\x{06FF}]+"")), ""[-–]+$"", """")), """"))>0, IFERROR(TRIM(REGEXREPLACE(TRIM(REGEXEXTRACT('AYIRA M"&"INI MART FINAL MENU - Pr'!A51, ""^[^\x{0600}-\x{06FF}]+"")), ""[-–]+$"", """")), """"), GOOGLETRANSLATE('AYIRA MINI MART FINAL MENU - Pr'!A51, ""ar"", ""en"")))"),"Mango Nectar 250ml") -> Mango Nectar 250ml | B51: =IFERROR(__xludf.DUMMYFUNCTION("IF('AYIRA MINI MART FINAL MENU - Pr'!B51="""", """", IF(LEN(IFERROR(TRIM(REGEXREPLACE(TRIM(REGEXEXTRACT('AYIRA MINI MART FINAL MENU - Pr'!B51, ""^[^\x{0600}-\x{06FF}]+"")), ""[-–]+$"", """")), """"))>0, IFERROR(TRIM(REGEXREPLACE(TRIM(REGEXEXTRACT('AYIRA M"&"INI MART FINAL MENU - Pr'!B51, ""^[^\x{0600}-\x{06FF}]+"")), ""[-–]+$"", """")), """"), GOOGLETRANSLATE('AYIRA MINI MART FINAL MENU - Pr'!B51, ""ar"", ""en"")))"),"Juices & Fruit Drinks") -> Juices & Fruit Drinks | C51: =IF('AYIRA MINI MART FINAL MENU - Pr'!C51="", "", 'AYIRA MINI MART FINAL MENU - Pr'!C51) -> 2.5 | D51: =IFERROR(__xludf.DUMMYFUNCTION("IF('AYIRA MINI MART FINAL MENU - Pr'!D51="""", """", GOOGLETRANSLATE('AYIRA MINI MART FINAL MENU - Pr'!D51, ""ar"", ""en""))"),"Take care of your health with Mango Nectar 250ml – a fresh, 250ml mango nectar packed with essential vitamins and minerals. Made from carefully selected, high-quality fruits for a delicious taste and superior nutritional value. It provides natural energy "&"and boosts your immune system thanks to its rich composition. Perfect for your daily breakfast or as a healthy drink anytime. Order now from Aira Mini Mart and enjoy every drop of this delicious and nutritious juice.") -> Take care of your health with Mango Nectar 250ml – a fresh, 250ml mango nectar packed with essential vitamins and minerals. Made from carefully selected, high-quality fruits for a delicious taste and superior nutritional value. It provides natural energy and boosts your immune system thanks to its rich composition. Perfect for your daily breakfast or as a healthy drink anytime. Order now from Aira Mini Mart and enjoy every drop of this delicious and nutritious juice. | E51: =IF('AYIRA MINI MART FINAL MENU - Pr'!K51="", "", 'AYIRA MINI MART FINAL MENU - Pr'!K51) | L51: =IF('AYIRA MINI MART FINAL MENU - Pr'!L51="", "", 'AYIRA MINI MART FINAL MENU - Pr'!L51) | M51: =IF('AYIRA MINI MART FINAL MENU - Pr'!M51="", "", 'AYIRA MINI MART FINAL MENU - Pr'!M51) | N51: =IF('AYIRA MINI MART FINAL MENU - Pr'!N51="", "", 'AYIRA MINI MART FINAL MENU - Pr'!N51)
